[
null,
{"id":1,"atypeId":5,"description":"3％の確率で敵の攻撃を回避する。","etypeId":2,"traits":[{"code":22,"dataId":1,"value":0.03}],"iconIndex":128,"name":"皮の盾","note":"","params":[0,0,0,0,0,0,0,0],"price":300},
{"id":2,"atypeId":4,"description":"防御力+10//習得必殺技：\\c[17]『気合溜め』","etypeId":4,"traits":[{"code":43,"dataId":12,"value":1}],"iconIndex":135,"name":"鉄の鎧","note":"","params":[0,0,0,10,0,0,0,0],"price":300},
{"id":3,"atypeId":1,"description":"防御力+10/習得必殺技：\\c[17]『プチヒール』","etypeId":4,"traits":[{"code":43,"dataId":8,"value":1}],"iconIndex":135,"name":"皮の服","note":"","params":[0,0,0,10,0,0,0,0],"price":200},
{"id":4,"atypeId":1,"description":"","etypeId":5,"traits":[{"code":22,"dataId":1,"value":0}],"iconIndex":145,"name":"指輪","note":"","params":[0,0,0,0,10,0,0,0],"price":300}
]