[
null,
{"id":1,"list":[{"code":108,"indent":0,"parameters":["━━━━━━━━━━━━━━━━━━━━━━━━━━━━━"]},{"code":408,"indent":0,"parameters":["ＭＰ微量回復"]},{"code":408,"indent":0,"parameters":["━━━━━━━━━━━━━━━━━━━━━━━━━━━━━"]},{"code":122,"indent":0,"parameters":[21,21,0,3,3,1,5]},{"code":122,"indent":0,"parameters":[21,21,3,0,10]},{"code":122,"indent":0,"parameters":[21,21,4,0,100]},{"code":312,"indent":0,"parameters":[0,1,0,1,21]},{"code":122,"indent":0,"parameters":[21,21,0,3,3,2,5]},{"code":122,"indent":0,"parameters":[21,21,3,0,10]},{"code":122,"indent":0,"parameters":[21,21,4,0,100]},{"code":312,"indent":0,"parameters":[0,2,0,1,21]},{"code":122,"indent":0,"parameters":[21,21,0,3,3,3,5]},{"code":122,"indent":0,"parameters":[21,21,3,0,10]},{"code":122,"indent":0,"parameters":[21,21,4,0,100]},{"code":312,"indent":0,"parameters":[0,3,0,1,21]},{"code":122,"indent":0,"parameters":[21,21,0,3,3,4,5]},{"code":122,"indent":0,"parameters":[21,21,3,0,10]},{"code":122,"indent":0,"parameters":[21,21,4,0,100]},{"code":312,"indent":0,"parameters":[0,4,0,1,21]},{"code":0,"indent":0,"parameters":[]}],"name":"戦闘前イベント","switchId":1,"trigger":0},
{"id":2,"list":[{"code":212,"indent":0,"parameters":[-1,121,false]},{"code":230,"indent":0,"parameters":[15]},{"code":212,"indent":0,"parameters":[-1,121,false]},{"code":230,"indent":0,"parameters":[15]},{"code":212,"indent":0,"parameters":[-1,121,false]},{"code":230,"indent":0,"parameters":[15]},{"code":212,"indent":0,"parameters":[-1,121,false]},{"code":230,"indent":0,"parameters":[15]},{"code":212,"indent":0,"parameters":[-1,121,false]},{"code":230,"indent":0,"parameters":[15]},{"code":212,"indent":0,"parameters":[-1,123,false]},{"code":230,"indent":0,"parameters":[60]},{"code":212,"indent":0,"parameters":[-1,121,false]},{"code":230,"indent":0,"parameters":[30]},{"code":212,"indent":0,"parameters":[-1,121,false]},{"code":230,"indent":0,"parameters":[30]},{"code":0,"indent":0,"parameters":[]}],"name":"爆発ﾊﾟﾀｰﾝ1","switchId":1,"trigger":0},
{"id":3,"list":[{"code":212,"indent":0,"parameters":[-1,122,false]},{"code":230,"indent":0,"parameters":[15]},{"code":212,"indent":0,"parameters":[-1,122,false]},{"code":230,"indent":0,"parameters":[15]},{"code":212,"indent":0,"parameters":[-1,122,false]},{"code":230,"indent":0,"parameters":[20]},{"code":212,"indent":0,"parameters":[-1,121,false]},{"code":230,"indent":0,"parameters":[30]},{"code":0,"indent":0,"parameters":[]}],"name":"爆発ﾊﾟﾀｰﾝ2","switchId":1,"trigger":0},
{"id":4,"list":[{"code":212,"indent":0,"parameters":[-1,124,false]},{"code":230,"indent":0,"parameters":[40]},{"code":212,"indent":0,"parameters":[-1,122,false]},{"code":230,"indent":0,"parameters":[15]},{"code":212,"indent":0,"parameters":[-1,122,false]},{"code":230,"indent":0,"parameters":[20]},{"code":212,"indent":0,"parameters":[-1,121,false]},{"code":230,"indent":0,"parameters":[50]},{"code":0,"indent":0,"parameters":[]}],"name":"爆発ﾊﾟﾀｰﾝ3","switchId":1,"trigger":0},
{"id":5,"list":[{"code":250,"indent":0,"parameters":[{"name":"Mate_SDK2canon","volume":100,"pitch":100,"pan":0}]},{"code":250,"indent":0,"parameters":[{"name":"Mate_SDK2canon","volume":100,"pitch":100,"pan":0}]},{"code":250,"indent":0,"parameters":[{"name":"Mate_SDK2canon","volume":100,"pitch":100,"pan":0}]},{"code":231,"indent":0,"parameters":[97,"Actor1",1,0,1500,350,1000,1000,140,0]},{"code":231,"indent":0,"parameters":[98,"Actor1",1,0,1500,350,1000,1000,170,0]},{"code":231,"indent":0,"parameters":[99,"Actor1",1,0,1500,350,1000,1000,200,0]},{"code":231,"indent":0,"parameters":[100,"Actor1",1,0,1500,350,1000,1000,255,0]},{"code":234,"indent":0,"parameters":[99,[0,0,255,0],1,false]},{"code":234,"indent":0,"parameters":[98,[0,0,255,0],1,false]},{"code":234,"indent":0,"parameters":[97,[0,0,255,0],1,true]},{"code":232,"indent":0,"parameters":[97,0,1,0,500,350,1000,1000,140,0,70,false]},{"code":232,"indent":0,"parameters":[98,0,1,0,500,350,1000,1000,170,0,60,false]},{"code":232,"indent":0,"parameters":[99,0,1,0,500,350,1000,1000,200,0,50,false]},{"code":232,"indent":0,"parameters":[100,0,1,0,500,350,1000,1000,255,0,20,false]},{"code":230,"indent":0,"parameters":[30]},{"code":0,"indent":0,"parameters":[]}],"name":"画面転換　前","switchId":1,"trigger":0},
{"id":6,"list":[{"code":250,"indent":0,"parameters":[{"name":"Mate_windowsSE_mecha","volume":100,"pitch":100,"pan":0}]},{"code":232,"indent":0,"parameters":[97,0,1,0,-900,350,1000,1000,140,0,70,false]},{"code":232,"indent":0,"parameters":[98,0,1,0,-900,350,1000,1000,170,0,60,false]},{"code":232,"indent":0,"parameters":[99,0,1,0,-900,350,1000,1000,200,0,50,false]},{"code":232,"indent":0,"parameters":[100,0,1,0,-900,350,1000,1000,255,0,40,false]},{"code":230,"indent":0,"parameters":[70]},{"code":235,"indent":0,"parameters":[100]},{"code":0,"indent":0,"parameters":[]}],"name":"画面転換　後","switchId":1,"trigger":0},
{"id":7,"list":[{"code":250,"indent":0,"parameters":[{"name":"Mate_SDK2canon","volume":100,"pitch":100,"pan":0}]},{"code":250,"indent":0,"parameters":[{"name":"Mate_SDK2canon","volume":100,"pitch":100,"pan":0}]},{"code":250,"indent":0,"parameters":[{"name":"Mate_SDK2canon","volume":100,"pitch":100,"pan":0}]},{"code":231,"indent":0,"parameters":[97,"face_U+1F923big",1,0,1500,350,1000,1000,140,0]},{"code":231,"indent":0,"parameters":[98,"face_U+1F923big",1,0,1500,350,1000,1000,170,0]},{"code":231,"indent":0,"parameters":[99,"face_U+1F923big",1,0,1500,350,1000,1000,200,0]},{"code":231,"indent":0,"parameters":[100,"face_U+1F923big",1,0,1500,350,1000,1000,255,0]},{"code":234,"indent":0,"parameters":[99,[0,0,255,0],1,false]},{"code":234,"indent":0,"parameters":[98,[0,0,255,0],1,false]},{"code":234,"indent":0,"parameters":[97,[0,0,255,0],1,true]},{"code":232,"indent":0,"parameters":[97,0,1,0,500,350,1000,1000,140,0,70,false]},{"code":232,"indent":0,"parameters":[98,0,1,0,500,350,1000,1000,170,0,60,false]},{"code":232,"indent":0,"parameters":[99,0,1,0,500,350,1000,1000,200,0,50,false]},{"code":232,"indent":0,"parameters":[100,0,1,0,500,350,1000,1000,255,0,20,false]},{"code":230,"indent":0,"parameters":[30]},{"code":0,"indent":0,"parameters":[]}],"name":"画面転換　前2","switchId":1,"trigger":0},
{"id":8,"list":[{"code":111,"indent":0,"parameters":[1,40,0,0,0]},{"code":122,"indent":1,"parameters":[40,40,0,0,60]},{"code":122,"indent":1,"parameters":[36,36,1,0,1]},{"code":250,"indent":1,"parameters":[{"name":"Paralyze2","volume":90,"pitch":120,"pan":0}]},{"code":234,"indent":1,"parameters":[99,[-130,-130,-130,0],1,false]},{"code":0,"indent":1,"parameters":[]},{"code":412,"indent":0,"parameters":[]},{"code":0,"indent":0,"parameters":[]}],"name":"自機ﾀﾞﾒｰｼﾞ","switchId":1,"trigger":0},
{"id":9,"list":[{"code":108,"indent":0,"parameters":["（ブライアン）ん？なんだ突然暗くなったな➡"]},{"code":108,"indent":0,"parameters":["（ブライアン）停電か？"]},{"code":108,"indent":0,"parameters":["（アレックス）多分、電気代滞納してたから"]},{"code":408,"indent":0,"parameters":["電気止まったんじゃね"]},{"code":108,"indent":0,"parameters":["（ブライアン）マジか"]},{"code":108,"indent":0,"parameters":["（ブライアン）どうすんのよこれ"]},{"code":108,"indent":0,"parameters":["（アレックス）このまま"]},{"code":0,"indent":0,"parameters":[]}],"name":"めも2","switchId":1,"trigger":0},
{"id":10,"list":[{"code":108,"indent":0,"parameters":["妖精のオッパイ揉みタイ"]},{"code":408,"indent":0,"parameters":["「妖精の祝福」妖精"]},{"code":408,"indent":0,"parameters":["「オッドアイレーザー」りっち"]},{"code":408,"indent":0,"parameters":["「パイレーツソード」さいば"]},{"code":408,"indent":0,"parameters":["「きり揉みシュート」すらいむ"]},{"code":408,"indent":0,"parameters":["「タイキック」ハロルド"]},{"code":108,"indent":0,"parameters":["ロケットオッパイなでなで"]},{"code":408,"indent":0,"parameters":["「ロケットランチャー」ハロルド"]},{"code":408,"indent":0,"parameters":["「オッドアイレーザー」りっち"]},{"code":408,"indent":0,"parameters":["「パイレーツソード」さいば"]},{"code":408,"indent":0,"parameters":["「なで斬り」すらいむ"]},{"code":408,"indent":0,"parameters":["「なで斬り」妖精"]},{"code":108,"indent":0,"parameters":["セイドレイ1人ムーラムラ"]},{"code":408,"indent":0,"parameters":["「セイントクロス」妖精"]},{"code":408,"indent":0,"parameters":["「ドレイン」スライム"]},{"code":408,"indent":0,"parameters":["「1人時間差」ハロルド"]},{"code":408,"indent":0,"parameters":["「ムーラン・ルージュ」さいば"]},{"code":408,"indent":0,"parameters":["「ホムラの眼」りっち"]},{"code":108,"indent":0,"parameters":["チンチンフルボッ気"]},{"code":408,"indent":0,"parameters":["「チンクラッシャー」妖精"]},{"code":408,"indent":0,"parameters":["「チンロック」ハロルド"]},{"code":408,"indent":0,"parameters":["「フルスイング」さいば"]},{"code":408,"indent":0,"parameters":["「ビートボックス」りっち"]},{"code":408,"indent":0,"parameters":["「闘気」スライム"]},{"code":108,"indent":0,"parameters":["サキュバスの黄金聖水のみタイ"]},{"code":408,"indent":0,"parameters":["「サキュバスの角」妖精"]},{"code":408,"indent":0,"parameters":["「黄金の剣」さいば"]},{"code":408,"indent":0,"parameters":["「聖水」りっち"]},{"code":408,"indent":0,"parameters":["「神だのみ」スライム"]},{"code":408,"indent":0,"parameters":["「タイキック」ハロルド"]},{"code":0,"indent":0,"parameters":[]}],"name":"めも","switchId":1,"trigger":0},
{"id":11,"list":[{"code":101,"indent":0,"parameters":["Harold",0,0,2]},{"code":401,"indent":0,"parameters":["\\>ハロルド"]},{"code":401,"indent":0,"parameters":["\\>「さっ！ここらでいっちょ"]},{"code":401,"indent":0,"parameters":["\\>　自己紹介してみよーか！」"]},{"code":101,"indent":0,"parameters":["Marsha",5,0,2]},{"code":401,"indent":0,"parameters":["\\>マーシャ"]},{"code":401,"indent":0,"parameters":["\\>「何？誰に向かって言ってるわけ？」"]},{"code":401,"indent":0,"parameters":["\\>　"]},{"code":101,"indent":0,"parameters":["Harold",0,0,2]},{"code":401,"indent":0,"parameters":["\\>ハロルド"]},{"code":401,"indent":0,"parameters":["\\>「決まってるだろう"]},{"code":401,"indent":0,"parameters":["\\>　画面の前のＢＩＧキッズ達だよ」"]},{"code":101,"indent":0,"parameters":["Marsha",3,0,2]},{"code":401,"indent":0,"parameters":["\\>マーシャ"]},{"code":401,"indent":0,"parameters":["\\>「プレイヤー様は丁重に扱いなさい丁重に」"]},{"code":401,"indent":0,"parameters":["\\>　"]},{"code":101,"indent":0,"parameters":["Lucius",0,0,2]},{"code":401,"indent":0,"parameters":["\\>ルキウス"]},{"code":401,"indent":0,"parameters":["\\>「しかしどうしてこのタイミングで？」"]},{"code":401,"indent":0,"parameters":["\\>　"]},{"code":101,"indent":0,"parameters":["Harold",0,0,2]},{"code":401,"indent":0,"parameters":["\\>ハロルド"]},{"code":401,"indent":0,"parameters":["\\>「考えてみりゃ俺達ＲＴＰＭＶ組は"]},{"code":401,"indent":0,"parameters":["\\>　揃いも揃って無名も無名。」"]},{"code":101,"indent":0,"parameters":["Harold",0,0,2]},{"code":401,"indent":0,"parameters":["\\>ハロルド"]},{"code":401,"indent":0,"parameters":["\\>「ちゃんと設定付けしとかないと、"]},{"code":401,"indent":0,"parameters":["\\>　ツクスレじゃ誰こいつって言われて"]},{"code":401,"indent":0,"parameters":["\\>　ゴミ箱ダストシュートされちゃうぜ」"]},{"code":101,"indent":0,"parameters":["Marsha2",3,0,2]},{"code":401,"indent":0,"parameters":["\\>マーシャ"]},{"code":401,"indent":0,"parameters":["\\>「はいはい設定設定」"]},{"code":401,"indent":0,"parameters":["\\>　"]},{"code":101,"indent":0,"parameters":["Therese",0,0,2]},{"code":401,"indent":0,"parameters":["\\>テレーゼ"]},{"code":401,"indent":0,"parameters":["\\>「それじゃ言い出しっぺのハロルド君から」"]},{"code":401,"indent":0,"parameters":["\\>　"]},{"code":101,"indent":0,"parameters":["Harold",0,0,2]},{"code":401,"indent":0,"parameters":["\\>ハロルド"]},{"code":401,"indent":0,"parameters":["\\>「オッスオラハロルド！"]},{"code":401,"indent":0,"parameters":["\\>　2000のアレなんとか先輩よりも"]},{"code":401,"indent":0,"parameters":["\\>　ハンサムな勇者ＤＡ！」"]},{"code":101,"indent":0,"parameters":["Harold",0,0,2]},{"code":401,"indent":0,"parameters":["\\>ハロルド"]},{"code":401,"indent":0,"parameters":["\\>「趣味は公園の鳩に餌をやりながら"]},{"code":401,"indent":0,"parameters":["\\>　ベンチに座って、青空を見上げることカナー」"]},{"code":401,"indent":0,"parameters":["\\>　"]},{"code":101,"indent":0,"parameters":["Harold",0,0,2]},{"code":401,"indent":0,"parameters":["\\>ハロルド"]},{"code":401,"indent":0,"parameters":["\\>「カップリングは年中募集中です！"]},{"code":401,"indent":0,"parameters":["\\>　宜しくぅ！」"]},{"code":401,"indent":0,"parameters":["\\>　"]},{"code":101,"indent":0,"parameters":["Marsha",3,0,2]},{"code":401,"indent":0,"parameters":["\\>マーシャ"]},{"code":401,"indent":0,"parameters":["\\>「クソ勇者ね」"]},{"code":401,"indent":0,"parameters":["\\>　"]},{"code":101,"indent":0,"parameters":["Therese",0,0,2]},{"code":401,"indent":0,"parameters":["\\>テレーゼ"]},{"code":401,"indent":0,"parameters":["\\>「カス勇者だな」"]},{"code":401,"indent":0,"parameters":["\\>　"]},{"code":101,"indent":0,"parameters":["Lucius",0,0,2]},{"code":401,"indent":0,"parameters":["\\>ルキウス"]},{"code":401,"indent":0,"parameters":["\\>「喋る汚物ですね」"]},{"code":401,"indent":0,"parameters":["\\>　"]},{"code":101,"indent":0,"parameters":["Harold",4,0,2]},{"code":401,"indent":0,"parameters":["\\>ハロルド"]},{"code":401,"indent":0,"parameters":["\\>「照れるぜ」"]},{"code":401,"indent":0,"parameters":["\\>　"]},{"code":401,"indent":0,"parameters":["\\>　"]},{"code":101,"indent":0,"parameters":["Marsha2",3,0,2]},{"code":401,"indent":0,"parameters":["\\>マーシャ"]},{"code":401,"indent":0,"parameters":["\\>「褒めてねーよ脳みそ腐っとんか」"]},{"code":401,"indent":0,"parameters":["\\>　"]},{"code":101,"indent":0,"parameters":["Lucius",6,0,2]},{"code":401,"indent":0,"parameters":["\\>ルキウス"]},{"code":401,"indent":0,"parameters":["\\>「まあ、何言われてもへこたれないのが"]},{"code":401,"indent":0,"parameters":["\\>　彼の強みといったところでしょうか…」"]},{"code":101,"indent":0,"parameters":["Marsha2",3,0,2]},{"code":401,"indent":0,"parameters":["\\>マーシャ"]},{"code":401,"indent":0,"parameters":["\\>「次！」"]},{"code":401,"indent":0,"parameters":["\\>　"]},{"code":101,"indent":0,"parameters":["Therese",1,0,2]},{"code":401,"indent":0,"parameters":["\\>テレーゼ"]},{"code":401,"indent":0,"parameters":["\\>「私はテレーゼ！"]},{"code":401,"indent":0,"parameters":["\\>　王宮に仕える兵士だ！！」"]},{"code":101,"indent":0,"parameters":["Therese",3,0,2]},{"code":401,"indent":0,"parameters":["\\>テレーゼ"]},{"code":401,"indent":0,"parameters":["\\>「私の美しさは見ての通りだが"]},{"code":401,"indent":0,"parameters":["\\>　剣技の腕も凄いぞ！もうとにかく凄い！」"]},{"code":101,"indent":0,"parameters":["Lucius",6,0,2]},{"code":401,"indent":0,"parameters":["\\>ルキウス"]},{"code":401,"indent":0,"parameters":["\\>「語彙力…」"]},{"code":401,"indent":0,"parameters":["\\>　"]},{"code":101,"indent":0,"parameters":["Therese",3,0,2]},{"code":401,"indent":0,"parameters":["\\>テレーゼ"]},{"code":401,"indent":0,"parameters":["\\>「パーティ組むなら壁役に是非入れてくれ！！」"]},{"code":401,"indent":0,"parameters":["\\>　"]},{"code":401,"indent":0,"parameters":["\\>　"]},{"code":101,"indent":0,"parameters":["Marsha",5,0,2]},{"code":401,"indent":0,"parameters":["\\>マーシャ"]},{"code":401,"indent":0,"parameters":["\\>「あんた壁役だったのね…」"]},{"code":401,"indent":0,"parameters":["\\>　"]},{"code":101,"indent":0,"parameters":["Lucius",6,0,2]},{"code":401,"indent":0,"parameters":["\\>ルキウス"]},{"code":401,"indent":0,"parameters":["\\>「服装的に2000のブラなんとかさんに"]},{"code":401,"indent":0,"parameters":["\\>　近いような気がしますね」"]},{"code":101,"indent":0,"parameters":["Lucius",6,0,2]},{"code":401,"indent":0,"parameters":["\\>ルキウス"]},{"code":401,"indent":0,"parameters":["\\>「まあＭＶはデフォキャラのステータス設定が"]},{"code":401,"indent":0,"parameters":["\\>　皆無なので壁役が適役かはわかりませんが…」"]},{"code":101,"indent":0,"parameters":["Marsha2",3,0,2]},{"code":401,"indent":0,"parameters":["\\>マーシャ"]},{"code":401,"indent":0,"parameters":["\\>「メタはやめなさいメタは」"]},{"code":401,"indent":0,"parameters":["\\>　"]},{"code":101,"indent":0,"parameters":["Marsha2",3,0,2]},{"code":401,"indent":0,"parameters":["\\>マーシャ"]},{"code":401,"indent":0,"parameters":["\\>「次！」"]},{"code":401,"indent":0,"parameters":["\\>　"]},{"code":101,"indent":0,"parameters":["Marsha2",3,0,2]},{"code":401,"indent":0,"parameters":["\\>マーシャ"]},{"code":401,"indent":0,"parameters":["\\>「あっ、あたしか…。」"]},{"code":401,"indent":0,"parameters":["\\>　"]},{"code":101,"indent":0,"parameters":["Marsha2",3,0,2]},{"code":401,"indent":0,"parameters":["\\>マーシャ"]},{"code":401,"indent":0,"parameters":["\\>「えーっと…。」"]},{"code":401,"indent":0,"parameters":["\\>　"]},{"code":101,"indent":0,"parameters":["Marsha2",0,0,2]},{"code":401,"indent":0,"parameters":["\\>マーシャ"]},{"code":401,"indent":0,"parameters":["\\>「わたしマーシャ！2×歳！（独身）"]},{"code":401,"indent":0,"parameters":["\\>　彼氏募集中っ！」"]},{"code":101,"indent":0,"parameters":["Marsha2",0,0,2]},{"code":401,"indent":0,"parameters":["\\>マーシャ"]},{"code":401,"indent":0,"parameters":["\\>「でもぉ～、彼氏はイケメンじゃないと"]},{"code":401,"indent":0,"parameters":["\\>　ぜぇ～～ったいダメだゾっ♥」"]},{"code":101,"indent":0,"parameters":["Harold",0,0,2]},{"code":401,"indent":0,"parameters":["\\>ハロルド"]},{"code":401,"indent":0,"parameters":["\\>「死すべし」"]},{"code":401,"indent":0,"parameters":["\\>　"]},{"code":401,"indent":0,"parameters":["\\>　"]},{"code":101,"indent":0,"parameters":["Lucius",1,0,2]},{"code":401,"indent":0,"parameters":["\\>ルキウス"]},{"code":401,"indent":0,"parameters":["\\>「同意」"]},{"code":401,"indent":0,"parameters":["\\>　"]},{"code":101,"indent":0,"parameters":["Marsha2",3,0,2]},{"code":401,"indent":0,"parameters":["\\>マーシャ"]},{"code":401,"indent":0,"parameters":["\\>「クソ勇者に言われたかねーよ"]},{"code":401,"indent":0,"parameters":["\\>　あ？やんのかコラ？あ？」"]},{"code":101,"indent":0,"parameters":["Therese",1,0,2]},{"code":401,"indent":0,"parameters":["\\>テレーゼ"]},{"code":401,"indent":0,"parameters":["\\>「………………」"]},{"code":401,"indent":0,"parameters":["\\>　"]},{"code":401,"indent":0,"parameters":["\\>　"]},{"code":101,"indent":0,"parameters":["Therese",4,0,2]},{"code":401,"indent":0,"parameters":["\\>テレーゼ"]},{"code":401,"indent":0,"parameters":["\\>「………………かわいい」"]},{"code":401,"indent":0,"parameters":["\\>　"]},{"code":401,"indent":0,"parameters":["\\>　"]},{"code":101,"indent":0,"parameters":["Lucius",0,0,2]},{"code":401,"indent":0,"parameters":["\\>ルキウス"]},{"code":401,"indent":0,"parameters":["\\>「おおっと、ここでまさかの」"]},{"code":401,"indent":0,"parameters":["\\>　"]},{"code":101,"indent":0,"parameters":["Marsha",3,0,2]},{"code":401,"indent":0,"parameters":["\\>マーシャ"]},{"code":401,"indent":0,"parameters":["\\>「ちょ、待って。"]},{"code":401,"indent":0,"parameters":["\\>　あたしソッチのケは無いから！」"]},{"code":101,"indent":0,"parameters":["Marsha",3,0,2]},{"code":401,"indent":0,"parameters":["\\>マーシャ"]},{"code":401,"indent":0,"parameters":["\\>「やめてマジで近い」"]},{"code":401,"indent":0,"parameters":["\\>　"]},{"code":101,"indent":0,"parameters":["Therese",4,0,2]},{"code":401,"indent":0,"parameters":["\\>テレーゼ"]},{"code":401,"indent":0,"parameters":["\\>「セフレから始めよう！！！」"]},{"code":401,"indent":0,"parameters":["\\>　"]},{"code":401,"indent":0,"parameters":["\\>　"]},{"code":101,"indent":0,"parameters":["Marsha",3,0,2]},{"code":401,"indent":0,"parameters":["\\>マーシャ"]},{"code":401,"indent":0,"parameters":["\\>「クソレズ死ね！！！！」"]},{"code":401,"indent":0,"parameters":["\\>　"]},{"code":101,"indent":0,"parameters":["Harold",0,0,2]},{"code":401,"indent":0,"parameters":["\\>ハロルド"]},{"code":401,"indent":0,"parameters":["\\>「いやぁコワイっすね」"]},{"code":401,"indent":0,"parameters":["\\>　"]},{"code":401,"indent":0,"parameters":["\\>　"]},{"code":101,"indent":0,"parameters":["Lucius",0,0,2]},{"code":401,"indent":0,"parameters":["\\>ルキウス"]},{"code":401,"indent":0,"parameters":["\\>「全くですね」"]},{"code":401,"indent":0,"parameters":["\\>　"]},{"code":101,"indent":0,"parameters":["Harold",0,0,2]},{"code":401,"indent":0,"parameters":["\\>ハロルド"]},{"code":401,"indent":0,"parameters":["\\>「ところで君は自己紹介しないの？」"]},{"code":401,"indent":0,"parameters":["\\>　"]},{"code":401,"indent":0,"parameters":["\\>　"]},{"code":101,"indent":0,"parameters":["Lucius",0,0,2]},{"code":401,"indent":0,"parameters":["\\>ルキウス"]},{"code":401,"indent":0,"parameters":["\\>「ああ、そうでした」"]},{"code":401,"indent":0,"parameters":["\\>　"]},{"code":101,"indent":0,"parameters":["Lucius",0,0,2]},{"code":401,"indent":0,"parameters":["\\>ルキウス"]},{"code":401,"indent":0,"parameters":["\\>「始めまして、わたくしルキウスと申します。"]},{"code":401,"indent":0,"parameters":["\\>　とある町の僧侶をやっております。」"]},{"code":101,"indent":0,"parameters":["Lucius",0,0,2]},{"code":401,"indent":0,"parameters":["\\>ルキウス"]},{"code":401,"indent":0,"parameters":["\\>「魔法は回復魔法を主に覚えていますので"]},{"code":401,"indent":0,"parameters":["\\>　皆さんのサポートとしてお役に立てると"]},{"code":401,"indent":0,"parameters":["\\>　思います。」"]},{"code":101,"indent":0,"parameters":["Lucius",0,0,2]},{"code":401,"indent":0,"parameters":["\\>ルキウス"]},{"code":401,"indent":0,"parameters":["\\>「どうぞよろしくお願いします。」"]},{"code":401,"indent":0,"parameters":["\\>　"]},{"code":401,"indent":0,"parameters":["\\>　"]},{"code":101,"indent":0,"parameters":["Harold",0,0,2]},{"code":401,"indent":0,"parameters":["\\>ハロルド"]},{"code":401,"indent":0,"parameters":["\\>「つまらん」"]},{"code":401,"indent":0,"parameters":["\\>　"]},{"code":401,"indent":0,"parameters":["\\>　"]},{"code":101,"indent":0,"parameters":["Lucius",0,0,2]},{"code":401,"indent":0,"parameters":["\\>ルキウス"]},{"code":401,"indent":0,"parameters":["\\>「いやいやあなた方がオカシイだけですよ」"]},{"code":401,"indent":0,"parameters":["\\>　"]},{"code":401,"indent":0,"parameters":["\\>　"]},{"code":101,"indent":0,"parameters":["Harold",0,0,2]},{"code":401,"indent":0,"parameters":["\\>ハロルド"]},{"code":401,"indent":0,"parameters":["\\>「申し訳ないがｋｓｇワールドにおいては"]},{"code":401,"indent":0,"parameters":["\\>　正常なキャラがいることが異常なのだよ」"]},{"code":401,"indent":0,"parameters":["\\>　"]},{"code":101,"indent":0,"parameters":["Harold",0,0,2]},{"code":401,"indent":0,"parameters":["\\>ハロルド"]},{"code":401,"indent":0,"parameters":["\\>「君は何か隠しているだろう？」"]},{"code":401,"indent":0,"parameters":["\\>　"]},{"code":401,"indent":0,"parameters":["\\>　"]},{"code":0,"indent":0,"parameters":[]}],"name":"めも3","switchId":1,"trigger":0},
{"id":12,"list":[{"code":0,"indent":0,"parameters":[]}],"name":"","switchId":1,"trigger":0},
{"id":13,"list":[{"code":231,"indent":0,"parameters":[1,"alex",0,0,0,0,100,100,255,0]},{"code":232,"indent":0,"parameters":[1,0,0,0,0,100,100,100,255,0,60,true]},{"code":235,"indent":0,"parameters":[1]},{"code":121,"indent":0,"parameters":[6,6,1]},{"code":0,"indent":0,"parameters":[]}],"name":"test","switchId":6,"trigger":2}
]