{
"autoplayBgm":false,"autoplayBgs":false,"battleback1Name":"","battleback2Name":"","bgm":{"name":"","pan":0,"pitch":100,"volume":90},"bgs":{"name":"","pan":0,"pitch":100,"volume":90},"disableDashing":false,"displayName":"","encounterList":[],"encounterStep":30,"height":13,"note":"","parallaxLoopX":false,"parallaxLoopY":false,"parallaxName":"","parallaxShow":true,"parallaxSx":0,"parallaxSy":0,"scrollType":0,"specifyBattleback":false,"tilesetId":1,"width":17,
"data":[0,0,0,0,0,0,0,0,0,0,0,0,0,0,0,0,0,0,0,0,0,0,0,0,0,0,0,0,0,0,0,0,0,0,0,0,0,0,0,0,0,0,0,0,0,0,0,0,0,0,0,0,0,0,0,0,0,0,0,0,0,0,0,0,0,0,0,0,0,0,0,0,0,0,0,0,0,0,0,0,0,0,0,0,0,0,0,0,0,0,0,0,0,0,0,0,0,0,0,0,0,0,0,0,0,0,0,0,0,0,0,0,0,0,0,0,0,0,0,0,0,0,0,0,0,0,0,0,0,0,0,0,0,0,0,0,0,0,0,0,0,0,0,0,0,0,0,0,0,0,0,0,0,0,0,0,0,0,0,0,0,0,0,0,0,0,0,0,0,0,0,0,0,0,0,0,0,0,0,0,0,0,0,0,0,0,0,0,0,0,0,0,0,0,0,0,0,0,0,0,0,0,0,0,0,0,0,0,0,0,0,0,0,0,0,0,0,0,0,0,0,0,0,0,0,0,0,0,0,0,0,0,0,0,0,0,0,0,0,0,0,0,0,0,0,0,0,0,0,0,0,0,0,0,0,0,0,0,0,0,0,0,0,0,0,0,0,0,0,0,0,0,0,0,0,0,0,0,0,0,0,0,0,0,0,0,0,0,0,0,0,0,0,0,0,0,0,0,0,0,0,0,0,0,0,0,0,0,0,0,0,0,0,0,0,0,0,0,0,0,0,0,0,0,0,0,0,0,0,0,0,0,0,0,0,0,0,0,0,0,0,0,0,0,0,0,0,0,0,0,0,0,0,0,0,0,0,0,0,0,0,0,0,0,0,0,0,0,0,0,0,0,0,0,0,0,0,0,0,0,0,0,0,0,0,0,0,0,0,0,0,0,0,0,0,0,0,0,0,0,0,0,0,0,0,0,0,0,0,0,0,0,0,0,0,0,0,0,0,0,0,0,0,0,0,0,0,0,0,0,0,0,0,0,0,0,0,0,0,0,0,0,0,0,0,0,0,0,0,0,0,0,0,0,0,0,0,0,0,0,0,0,0,0,0,0,0,0,0,0,0,0,0,0,0,0,0,0,0,0,0,0,0,0,0,0,0,0,0,0,0,0,0,0,0,0,0,0,0,0,0,0,0,0,0,0,0,0,0,0,0,0,0,0,0,0,0,0,0,0,0,0,0,0,0,0,0,0,0,0,0,0,0,0,0,0,0,0,0,0,0,0,0,0,0,0,0,0,0,0,0,0,0,0,0,0,0,0,0,0,0,0,0,0,0,0,0,0,0,0,0,0,0,0,0,0,0,0,0,0,0,0,0,0,0,0,0,0,0,0,0,0,0,0,0,0,0,0,0,0,0,0,0,0,0,0,0,0,0,0,0,0,0,0,0,0,0,0,0,0,0,0,0,0,0,0,0,0,0,0,0,0,0,0,0,0,0,0,0,0,0,0,0,0,0,0,0,0,0,0,0,0,0,0,0,0,0,0,0,0,0,0,0,0,0,0,0,0,0,0,0,0,0,0,0,0,0,0,0,0,0,0,0,0,0,0,0,0,0,0,0,0,0,0,0,0,0,0,0,0,0,0,0,0,0,0,0,0,0,0,0,0,0,0,0,0,0,0,0,0,0,0,0,0,0,0,0,0,0,0,0,0,0,0,0,0,0,0,0,0,0,0,0,0,0,0,0,0,0,0,0,0,0,0,0,0,0,0,0,0,0,0,0,0,0,0,0,0,0,0,0,0,0,0,0,0,0,0,0,0,0,0,0,0,0,0,0,0,0,0,0,0,0,0,0,0,0,0,0,0,0,0,0,0,0,0,0,0,0,0,0,0,0,0,0,0,0,0,0,0,0,0,0,0,0,0,0,0,0,0,0,0,0,0,0,0,0,0,0,0,0,0,0,0,0,0,0,0,0,0,0,0,0,0,0,0,0,0,0,0,0,0,0,0,0,0,0,0,0,0,0,0,0,0,0,0,0,0,0,0,0,0,0,0,0,0,0,0,0,0,0,0,0,0,0,0,0,0,0,0,0,0,0,0,0,0,0,0,0,0,0,0,0,0,0,0,0,0,0,0,0,0,0,0,0,0,0,0,0,0,0,0,0,0,0,0,0,0,0,0,0,0,0,0,0,0,0,0,0,0,0,0,0,0,0,0,0,0,0,0,0,0,0,0,0,0,0,0,0,0,0,0,0,0,0,0,0,0,0,0,0,0,0,0,0,0,0,0,0,0,0,0,0,0,0,0,0,0,0,0,0,0,0,0,0,0,0,0,0,0,0,0,0,0,0,0,0,0,0,0,0,0,0,0,0,0,0,0,0,0,0,0,0,0,0,0,0,0,0,0,0,0,0,0,0,0,0,0,0,0,0,0,0,0,0,0,0,0,0,0,0,0,0,0,0,0,0,0,0,0,0,0,0,0,0,0,0,0,0,0,0,0,0,0,0,0,0,0,0,0,0,0,0,0,0,0,0,0,0,0,0,0,0,0,0,0,0,0,0,0,0,0,0,0,0,0,0,0,0,0,0,0,0,0,0,0,0,0,0,0,0,0,0,0,0,0,0,0,0,0,0,0,0,0,0,0,0,0,0,0,0,0,0,0,0,0,0,0,0,0,0,0,0,0,0,0,0,0,0,0,0,0,0,0,0,0,0,0,0,0,0,0,0,0,0,0,0,0,0,0,0,0,0,0,0,0,0,0,0,0,0,0,0,0,0,0,0,0,0,0,0,0,0,0,0,0,0,0,0,0,0,0,0,0,0,0,0,0,0,0,0,0,0,0,0,0,0,0,0,0,0,0,0,0,0,0,0,0,0,0,0,0,0,0,0,0,0,0,0,0,0,0,0,0,0,0,0,0,0,0,0,0,0,0,0,0,0,0,0,0,0,0,0,0,0,0,0,0,0,0,0,0,0,0,0,0,0,0,0,0,0,0,0,0,0,0,0,0,0,0,0,0,0,0,0,0,0,0,0,0,0,0,0,0,0,0],
"events":[
null,
{"id":1,"name":"EV001","note":"","pages":[{"conditions":{"actorId":1,"actorValid":false,"itemId":1,"itemValid":false,"selfSwitchCh":"A","selfSwitchValid":false,"switch1Id":1,"switch1Valid":false,"switch2Id":1,"switch2Valid":false,"variableId":1,"variableValid":false,"variableValue":0},"directionFix":false,"image":{"characterIndex":0,"characterName":"","direction":2,"pattern":0,"tileId":0},"list":[{"code":356,"indent":0,"parameters":["フキダシウィンドウ無効化"]},{"code":223,"indent":0,"parameters":[[255,255,255,0],20,true]},{"code":356,"indent":0,"parameters":["MP_SET_MOVIE polygon07_720 on"]},{"code":231,"indent":0,"parameters":[1,"",1,0,408,312,300,300,0,0]},{"code":232,"indent":0,"parameters":[1,0,1,0,408,312,300,300,255,0,60,true]},{"code":356,"indent":0,"parameters":["MP_SET_LOOP 1 on"]},{"code":230,"indent":0,"parameters":[30]},{"code":250,"indent":0,"parameters":[{"name":"Item3","volume":90,"pitch":50,"pan":0}]},{"code":356,"indent":0,"parameters":["D_TEXT 　　　　　　 300"]},{"code":356,"indent":0,"parameters":["D_TEXT_SETTING BG_COLOR rgba(255,255,255,0.600)"]},{"code":231,"indent":0,"parameters":[2,"",1,0,-100,312,100,100,0,0]},{"code":232,"indent":0,"parameters":[2,0,1,0,400,312,100,100,255,0,40,false]},{"code":356,"indent":0,"parameters":["D_TEXT ハロルドの 50"]},{"code":356,"indent":0,"parameters":["D_TEXT_SETTING FONT HGP創英角ﾎﾟｯﾌﾟ体"]},{"code":231,"indent":0,"parameters":[3,"",1,0,250,270,100,100,0,0]},{"code":232,"indent":0,"parameters":[3,0,1,0,250,270,100,100,255,0,60,false]},{"code":356,"indent":0,"parameters":["D_TEXT Hallo・Rude・News 70"]},{"code":356,"indent":0,"parameters":["D_TEXT_SETTING FONT HGP創英角ﾎﾟｯﾌﾟ体"]},{"code":231,"indent":0,"parameters":[4,"",1,0,408,350,100,100,0,0]},{"code":232,"indent":0,"parameters":[4,0,1,0,408,350,100,100,255,0,60,true]},{"code":112,"indent":0,"parameters":[]},{"code":111,"indent":1,"parameters":[11,"ok"]},{"code":232,"indent":2,"parameters":[2,0,1,0,400,312,100,100,0,0,40,false]},{"code":232,"indent":2,"parameters":[3,0,1,0,250,270,100,100,0,0,60,false]},{"code":232,"indent":2,"parameters":[4,0,1,0,408,350,100,100,0,0,60,true]},{"code":113,"indent":2,"parameters":[]},{"code":0,"indent":2,"parameters":[]},{"code":412,"indent":1,"parameters":[]},{"code":230,"indent":1,"parameters":[3]},{"code":0,"indent":1,"parameters":[]},{"code":413,"indent":0,"parameters":[]},{"code":241,"indent":0,"parameters":[{"name":"nv_tt","volume":35,"pitch":100,"pan":0}]},{"code":231,"indent":0,"parameters":[10,"Actor1_body",1,0,-200,350,-150,150,255,0]},{"code":232,"indent":0,"parameters":[10,0,1,0,200,350,-150,150,255,0,60,true]},{"code":356,"indent":0,"parameters":["D_TEXT 　ハロルド　 32"]},{"code":356,"indent":0,"parameters":["D_TEXT_SETTING BG_COLOR rgba(0,0,0,0.50)"]},{"code":231,"indent":0,"parameters":[11,"",1,0,280,400,100,100,0,0]},{"code":232,"indent":0,"parameters":[11,0,1,0,280,400,100,100,255,0,60,false]},{"code":250,"indent":0,"parameters":[{"name":"Load2","volume":90,"pitch":100,"pan":0}]},{"code":356,"indent":0,"parameters":["フキダシウィンドウ無効化"]},{"code":101,"indent":0,"parameters":["",0,0,2]},{"code":401,"indent":0,"parameters":["\\>ハロルド"]},{"code":401,"indent":0,"parameters":["\\>「こんにちは。"]},{"code":401,"indent":0,"parameters":["\\>　ハロルドのHallo・Rude・ニュースの時間が"]},{"code":401,"indent":0,"parameters":["\\>　やって参りました。」"]},{"code":101,"indent":0,"parameters":["",0,0,2]},{"code":401,"indent":0,"parameters":["\\>ハロルド"]},{"code":401,"indent":0,"parameters":["\\>「キャスターはわたくし、ハロルドがお伝えいたします。」"]},{"code":232,"indent":0,"parameters":[11,0,1,0,280,400,100,100,0,0,60,false]},{"code":101,"indent":0,"parameters":["",0,0,2]},{"code":401,"indent":0,"parameters":["\\>ハロルド"]},{"code":401,"indent":0,"parameters":["\\>「冬の寒さも一層厳しくなってまいりました。"]},{"code":401,"indent":0,"parameters":["\\>　わたくしも日々、寒さを肌で感じる今日この頃。」"]},{"code":241,"indent":0,"parameters":[{"name":"nv_tt","volume":5,"pitch":100,"pan":0}]},{"code":250,"indent":0,"parameters":[{"name":"Paralyze2","volume":90,"pitch":100,"pan":0}]},{"code":225,"indent":0,"parameters":[9,5,10,false]},{"code":234,"indent":0,"parameters":[10,[-68,-68,0,68],1,false]},{"code":101,"indent":0,"parameters":["",0,0,2]},{"code":401,"indent":0,"parameters":["\\>ハロルド"]},{"code":401,"indent":0,"parameters":["\\>「いやあ本当に寒いですね。"]},{"code":401,"indent":0,"parameters":["\\>　どうしてこうも寒いのか」"]},{"code":234,"indent":0,"parameters":[10,[0,0,0,0],1,false]},{"code":241,"indent":0,"parameters":[{"name":"nv_tt","volume":35,"pitch":100,"pan":0}]},{"code":101,"indent":0,"parameters":["",0,0,2]},{"code":401,"indent":0,"parameters":["\\>ハロルド"]},{"code":401,"indent":0,"parameters":["\\>「あっそうそう」"]},{"code":250,"indent":0,"parameters":[{"name":"Mate_SDK2message","volume":100,"pitch":100,"pan":0}]},{"code":356,"indent":0,"parameters":["D_TEXT ディスペルハーブ湯 32"]},{"code":356,"indent":0,"parameters":["D_TEXT 19800Ｇ（1割引）で販売中 32"]},{"code":356,"indent":0,"parameters":["D_TEXT お求めは⇒0120-XXX-XXXX 32"]},{"code":356,"indent":0,"parameters":["D_TEXT_SETTING BG_COLOR rgba(0,0,0,0.50)"]},{"code":231,"indent":0,"parameters":[11,"",1,0,600,350,100,100,255,0]},{"code":101,"indent":0,"parameters":["",0,0,2]},{"code":401,"indent":0,"parameters":["\\>ハロルド"]},{"code":401,"indent":0,"parameters":["\\>「風邪予防には\\c[2]ハロルド印のディスペルハーブ湯\\c[0]が"]},{"code":401,"indent":0,"parameters":["\\>　オススメです。\\!あっ、お求めの方は今テロップ出てます"]},{"code":401,"indent":0,"parameters":["\\>　こちらの番号へお電話くださいね。」"]},{"code":101,"indent":0,"parameters":["",0,0,2]},{"code":401,"indent":0,"parameters":["\\>ハロルド"]},{"code":401,"indent":0,"parameters":["\\>「風邪だけでなく、最近脂肪が気になりがちな"]},{"code":401,"indent":0,"parameters":["\\>　アナタにも是非おすすめ」"]},{"code":101,"indent":0,"parameters":["",0,0,2]},{"code":401,"indent":0,"parameters":["\\>ハロルド"]},{"code":401,"indent":0,"parameters":["\\>「飲めば、体はポカポカ！"]},{"code":401,"indent":0,"parameters":["\\>　新陳代謝が抑制され、何もしなくても脂肪が燃焼"]},{"code":401,"indent":0,"parameters":["\\>　しているかのような効果が期待できます。」"]},{"code":101,"indent":0,"parameters":["",0,0,2]},{"code":401,"indent":0,"parameters":["\\>ハロルド"]},{"code":401,"indent":0,"parameters":["\\>「今なら\\c[2]2割引き\\c[0]ですので、"]},{"code":401,"indent":0,"parameters":["\\>　ぜひぜひお買い求めを…"]},{"code":241,"indent":0,"parameters":[{"name":"nv_tt","volume":5,"pitch":100,"pan":0}]},{"code":250,"indent":0,"parameters":[{"name":"Mate_atsumori","volume":100,"pitch":100,"pan":0}]},{"code":235,"indent":0,"parameters":[11]},{"code":231,"indent":0,"parameters":[11,"atsumori",1,0,650,350,100,100,255,0]},{"code":232,"indent":0,"parameters":[11,0,1,0,650,350,50,50,255,0,10,true]},{"code":232,"indent":0,"parameters":[11,0,1,0,650,350,80,80,255,0,1,true]},{"code":232,"indent":0,"parameters":[11,0,1,0,650,350,50,50,255,0,2,true]},{"code":225,"indent":0,"parameters":[9,5,10,true]},{"code":250,"indent":0,"parameters":[{"name":"Mate_harisen","volume":90,"pitch":100,"pan":0}]},{"code":250,"indent":0,"parameters":[{"name":"Mate_atsumori_sorry","volume":90,"pitch":100,"pan":0}]},{"code":101,"indent":0,"parameters":["",0,0,2]},{"code":401,"indent":0,"parameters":["\\>ハロルド"]},{"code":401,"indent":0,"parameters":["\\>「失礼いたしました。"]},{"code":401,"indent":0,"parameters":["\\>　『熱盛』と出てしまいました。」"]},{"code":101,"indent":0,"parameters":["18",0,1,2]},{"code":401,"indent":0,"parameters":["ＡＤ"]},{"code":401,"indent":0,"parameters":["（「時間おしてますので、とっととニュース"]},{"code":401,"indent":0,"parameters":["　入ってください」のジェスチャー）"]},{"code":250,"indent":0,"parameters":[{"name":"Mate_ghost","volume":100,"pitch":100,"pan":0}]},{"code":101,"indent":0,"parameters":["",0,0,2]},{"code":401,"indent":0,"parameters":["\\>ハロルド"]},{"code":401,"indent":0,"parameters":["\\>\\}\\}\\}「チッうっせーよ」"]},{"code":241,"indent":0,"parameters":[{"name":"nv_tt","volume":35,"pitch":100,"pan":0}]},{"code":250,"indent":0,"parameters":[{"name":"Damage2","volume":100,"pitch":100,"pan":0}]},{"code":232,"indent":0,"parameters":[11,0,1,0,700,-100,50,50,255,0,5,false]},{"code":101,"indent":0,"parameters":["",0,0,2]},{"code":401,"indent":0,"parameters":["\\>ハロルド"]},{"code":401,"indent":0,"parameters":["\\>「…さて、それではトップニュースから"]},{"code":401,"indent":0,"parameters":["\\>　見ていきましょう。」"]},{"code":250,"indent":0,"parameters":[{"name":"Mate_powerup","volume":90,"pitch":100,"pan":0}]},{"code":356,"indent":0,"parameters":["D_TEXT アレックス氏ＲＴＰ引退表明 32"]},{"code":356,"indent":0,"parameters":["D_TEXT_SETTING BG_COLOR rgba(255,60,60,0.50)"]},{"code":231,"indent":0,"parameters":[21,"",1,0,600,350,100,100,0,0]},{"code":232,"indent":0,"parameters":[21,0,1,0,600,50,100,100,255,0,20,false]},{"code":356,"indent":0,"parameters":["D_TEXT \\c[2]速報\\c[0] 40"]},{"code":356,"indent":0,"parameters":["D_TEXT_SETTING BG_COLOR rgba(255,255,255,0.50)"]},{"code":231,"indent":0,"parameters":[20,"",1,0,600,350,100,100,0,0]},{"code":232,"indent":0,"parameters":[20,0,1,0,350,50,100,100,255,0,20,false]},{"code":231,"indent":0,"parameters":[3,"kaiken2",1,0,0,250,40,40,255,0]},{"code":232,"indent":0,"parameters":[3,0,1,0,600,250,40,40,255,0,20,false]},{"code":231,"indent":0,"parameters":[14,"kaiken1",1,0,0,250,40,40,255,0]},{"code":232,"indent":0,"parameters":[14,0,1,0,600,250,40,40,255,0,20,false]},{"code":356,"indent":0,"parameters":["D_TEXT 　　　　　　 300"]},{"code":356,"indent":0,"parameters":["D_TEXT_SETTING BG_COLOR rgba(255,255,255,0.600)"]},{"code":231,"indent":0,"parameters":[2,"",1,0,-100,260,100,100,0,0]},{"code":232,"indent":0,"parameters":[2,0,1,0,400,260,100,100,255,0,40,false]},{"code":101,"indent":0,"parameters":["",0,0,2]},{"code":401,"indent":0,"parameters":["\\>ハロルド"]},{"code":401,"indent":0,"parameters":["\\>「まず速報です。」"]},{"code":101,"indent":0,"parameters":["",0,0,2]},{"code":401,"indent":0,"parameters":["\\>ハロルド"]},{"code":401,"indent":0,"parameters":["\\>「ツクール２０００界の大ベテラン、"]},{"code":401,"indent":0,"parameters":["\\>　アレックス氏が今年で引退を発表しました。」"]},{"code":101,"indent":0,"parameters":["",0,0,2]},{"code":401,"indent":0,"parameters":["\\>ハロルド"]},{"code":401,"indent":0,"parameters":["\\>「アレックス氏といえば、１０年以上も"]},{"code":401,"indent":0,"parameters":["\\>　ツクール２０００界を支え続けた大御所。」"]},{"code":101,"indent":0,"parameters":["",0,0,2]},{"code":401,"indent":0,"parameters":["\\>ハロルド"]},{"code":401,"indent":0,"parameters":["\\>「まあ次世代を担うハロルド氏程ではありませんが、"]},{"code":401,"indent":0,"parameters":["\\>　なんか会見するらしいです。」"]},{"code":101,"indent":0,"parameters":["",0,0,2]},{"code":401,"indent":0,"parameters":["\\>ハロルド"]},{"code":401,"indent":0,"parameters":["\\>「今更、老害が会見なんてしたところで"]},{"code":401,"indent":0,"parameters":["\\>　視聴者は分かりっこない。はっきり分かんだね。」"]},{"code":241,"indent":0,"parameters":[{"name":"nv_tt","volume":5,"pitch":100,"pan":0}]},{"code":250,"indent":0,"parameters":[{"name":"Mate_atsumori","volume":100,"pitch":100,"pan":0}]},{"code":231,"indent":0,"parameters":[15,"atsumori",1,0,650,350,100,100,255,0]},{"code":232,"indent":0,"parameters":[15,0,1,0,650,350,50,50,255,0,10,true]},{"code":232,"indent":0,"parameters":[15,0,1,0,650,350,80,80,255,0,1,true]},{"code":232,"indent":0,"parameters":[15,0,1,0,650,350,50,50,255,0,2,true]},{"code":225,"indent":0,"parameters":[9,5,10,true]},{"code":250,"indent":0,"parameters":[{"name":"Mate_harisen","volume":90,"pitch":100,"pan":0}]},{"code":250,"indent":0,"parameters":[{"name":"Mate_atsumori_sorry","volume":90,"pitch":100,"pan":0}]},{"code":101,"indent":0,"parameters":["",0,0,2]},{"code":401,"indent":0,"parameters":["\\>ハロルド"]},{"code":401,"indent":0,"parameters":["\\>「失礼いたしました。"]},{"code":401,"indent":0,"parameters":["\\>　『熱盛』と出てしまいました。」"]},{"code":250,"indent":0,"parameters":[{"name":"Mate_ghost","volume":100,"pitch":80,"pan":0}]},{"code":101,"indent":0,"parameters":["",0,0,2]},{"code":401,"indent":0,"parameters":["\\>ハロルド"]},{"code":401,"indent":0,"parameters":["\\>\\}\\}\\}「チッうっせーよ」"]},{"code":241,"indent":0,"parameters":[{"name":"nv_tt","volume":35,"pitch":100,"pan":0}]},{"code":250,"indent":0,"parameters":[{"name":"Damage2","volume":100,"pitch":100,"pan":0}]},{"code":232,"indent":0,"parameters":[15,0,1,0,700,-100,50,50,255,0,5,false]},{"code":101,"indent":0,"parameters":["",0,0,2]},{"code":401,"indent":0,"parameters":["\\>ハロルド"]},{"code":401,"indent":0,"parameters":["\\>「…さて、それでは中継が繋がっていますので"]},{"code":401,"indent":0,"parameters":["\\>　見てみましょう。」"]},{"code":201,"indent":0,"parameters":[0,6,0,0,0,2]},{"code":356,"indent":0,"parameters":["MP_SET_PAUSE 1 on"]},{"code":235,"indent":0,"parameters":[1]},{"code":0,"indent":0,"parameters":[]}],"moveFrequency":3,"moveRoute":{"list":[{"code":0,"parameters":[]}],"repeat":true,"skippable":false,"wait":false},"moveSpeed":3,"moveType":0,"priorityType":0,"stepAnime":false,"through":false,"trigger":3,"walkAnime":true}],"x":0,"y":0},
null
]
}