{
"autoplayBgm":true,"autoplayBgs":true,"battleback1Name":"","battleback2Name":"","bgm":{"name":"","pan":0,"pitch":100,"volume":90},"bgs":{"name":"","pan":0,"pitch":100,"volume":90},"disableDashing":false,"displayName":"","encounterList":[],"encounterStep":30,"height":13,"note":"","parallaxLoopX":false,"parallaxLoopY":false,"parallaxName":"ALLwhite","parallaxShow":true,"parallaxSx":0,"parallaxSy":0,"scrollType":0,"specifyBattleback":false,"tilesetId":1,"width":17,
"data":[0,0,0,0,0,0,0,0,0,0,0,0,0,0,0,0,0,0,0,0,0,0,0,0,0,0,0,0,0,0,0,0,0,0,0,0,0,0,0,0,0,0,0,0,0,0,0,0,0,0,0,0,0,0,0,0,0,0,0,0,0,0,0,0,0,0,0,0,0,0,0,0,0,0,0,0,0,0,0,0,0,0,0,0,0,0,0,0,0,0,0,0,0,0,0,0,0,0,0,0,0,0,0,0,0,0,0,0,0,0,0,0,0,0,0,0,0,0,0,0,0,0,0,0,0,0,0,0,0,0,0,0,0,0,0,0,0,0,0,0,0,0,0,0,0,0,0,0,0,0,0,0,0,0,0,0,0,0,0,0,0,0,0,0,0,0,0,0,0,0,0,0,0,0,0,0,0,0,0,0,0,0,0,0,0,0,0,0,0,0,0,0,0,0,0,0,0,0,0,0,0,0,0,0,0,0,0,0,0,0,0,0,0,0,0,0,0,0,0,0,0,0,0,0,0,0,0,0,0,0,0,0,0,0,0,0,0,0,0,0,0,0,0,0,0,0,0,0,0,0,0,0,0,0,0,0,0,0,0,0,0,0,0,0,0,0,0,0,0,0,0,0,0,0,0,0,0,0,0,0,0,0,0,0,0,0,0,0,0,0,0,0,0,0,0,0,0,0,0,0,0,0,0,0,0,0,0,0,0,0,0,0,0,0,0,0,0,0,0,0,0,0,0,0,0,0,0,0,0,0,0,0,0,0,0,0,0,0,0,0,0,0,0,0,0,0,0,0,0,0,0,0,0,0,0,0,0,0,0,0,0,0,0,0,0,0,0,0,0,0,0,0,0,0,0,0,0,0,0,0,0,0,0,0,0,0,0,0,0,0,0,0,0,0,0,0,0,0,0,0,0,0,0,0,0,0,0,0,0,0,0,0,0,0,0,0,0,0,0,0,0,0,0,0,0,0,0,0,0,0,0,0,0,0,0,0,0,0,0,0,0,0,0,0,0,0,0,0,0,0,0,0,0,0,0,0,0,0,0,0,0,0,0,0,0,0,0,0,0,0,0,0,0,0,0,0,0,0,0,0,0,0,0,0,0,0,0,0,0,0,0,0,0,0,0,0,0,0,0,0,0,0,0,0,0,0,0,0,0,0,0,0,0,0,0,0,0,0,0,0,0,0,0,0,0,0,0,0,0,0,0,0,0,0,0,0,0,0,0,0,0,0,0,0,0,0,0,0,0,0,0,0,0,0,0,0,0,0,0,0,0,0,0,0,0,0,0,0,0,0,0,0,0,0,0,0,0,0,0,0,0,0,0,0,0,0,0,0,0,0,0,0,0,0,0,0,0,0,0,0,0,0,0,0,0,0,0,0,0,0,0,0,0,0,0,0,0,0,0,0,0,0,0,0,0,0,0,0,0,0,0,0,0,0,0,0,0,0,0,0,0,0,0,0,0,0,0,0,0,0,0,0,0,0,0,0,0,0,0,0,0,0,0,0,0,0,0,0,0,0,0,0,0,0,0,0,0,0,0,0,0,0,0,0,0,0,0,0,0,0,0,0,0,0,0,0,0,0,0,0,0,0,0,0,0,0,0,0,0,0,0,0,0,0,0,0,0,0,0,0,0,0,0,0,0,0,0,0,0,0,0,0,0,0,0,0,0,0,0,0,0,0,0,0,0,0,0,0,0,0,0,0,0,0,0,0,0,0,0,0,0,0,0,0,0,0,0,0,0,0,0,0,0,0,0,0,0,0,0,0,0,0,0,0,0,0,0,0,0,0,0,0,0,0,0,0,0,0,0,0,0,0,0,0,0,0,0,0,0,0,0,0,0,0,0,0,0,0,0,0,0,0,0,0,0,0,0,0,0,0,0,0,0,0,0,0,0,0,0,0,0,0,0,0,0,0,0,0,0,0,0,0,0,0,0,0,0,0,0,0,0,0,0,0,0,0,0,0,0,0,0,0,0,0,0,0,0,0,0,0,0,0,0,0,0,0,0,0,0,0,0,0,0,0,0,0,0,0,0,0,0,0,0,0,0,0,0,0,0,0,0,0,0,0,0,0,0,0,0,0,0,0,0,0,0,0,0,0,0,0,0,0,0,0,0,0,0,0,0,0,0,0,0,0,0,0,0,0,0,0,0,0,0,0,0,0,0,0,0,0,0,0,0,0,0,0,0,0,0,0,0,0,0,0,0,0,0,0,0,0,0,0,0,0,0,0,0,0,0,0,0,0,0,0,0,0,0,0,0,0,0,0,0,0,0,0,0,0,0,0,0,0,0,0,0,0,0,0,0,0,0,0,0,0,0,0,0,0,0,0,0,0,0,0,0,0,0,0,0,0,0,0,0,0,0,0,0,0,0,0,0,0,0,0,0,0,0,0,0,0,0,0,0,0,0,0,0,0,0,0,0,0,0,0,0,0,0,0,0,0,0,0,0,0,0,0,0,0,0,0,0,0,0,0,0,0,0,0,0,0,0,0,0,0,0,0,0,0,0,0,0,0,0,0,0,0,0,0,0,0,0,0,0,0,0,0,0,0,0,0,0,0,0,0,0,0,0,0,0,0,0,0,0,0,0,0,0,0,0,0,0,0,0,0,0,0,0,0,0,0,0,0,0,0,0,0,0,0,0,0,0,0,0,0,0,0,0,0,0,0,0,0,0,0,0,0,0,0,0,0,0,0,0,0,0,0,0,0,0,0,0,0,0,0,0,0,0,0,0,0,0,0,0,0,0,0,0,0,0,0,0,0,0,0,0,0,0,0,0,0,0,0,0,0,0,0,0,0,0,0,0,0,0,0,0,0,0,0,0,0,0,0,0,0,0,0,0,0,0,0,0,0,0,0,0,0,0,0,0,0,0,0,0,0,0,0,0,0,0,0,0,0,0,0,0,0,0,0,0,0,0,0,0,0,0,0,0,0,0,0,0,0,0,0,0,0,0,0,0,0,0,0,0,0,0,0,0,0,0,0,0,0,0,0,0,0],
"events":[
null,
{"id":1,"name":"EV001","note":"","pages":[{"conditions":{"actorId":1,"actorValid":false,"itemId":1,"itemValid":false,"selfSwitchCh":"A","selfSwitchValid":false,"switch1Id":1,"switch1Valid":false,"switch2Id":1,"switch2Valid":false,"variableId":1,"variableValid":false,"variableValue":0},"directionFix":false,"image":{"characterIndex":0,"characterName":"","direction":2,"pattern":0,"tileId":0},"list":[{"code":230,"indent":0,"parameters":[180]},{"code":231,"indent":0,"parameters":[20,"hugh",1,0,92,548,100,100,255,0]},{"code":230,"indent":0,"parameters":[180]},{"code":108,"indent":0,"parameters":[""]},{"code":408,"indent":0,"parameters":["━━━━━━━━━━━━━━━━━━━━━━━━━━━━━"]},{"code":408,"indent":0,"parameters":["　"]},{"code":231,"indent":0,"parameters":[1,"face_U+1F60A",1,0,648,162,1,1,255,0]},{"code":231,"indent":0,"parameters":[2,"face_U+1F60A",1,0,718,282,1,1,255,0]},{"code":231,"indent":0,"parameters":[3,"face_U+1F60A",1,0,578,274,1,1,255,0]},{"code":250,"indent":0,"parameters":[{"name":"Mate_Mmn","volume":90,"pitch":100,"pan":0}]},{"code":232,"indent":0,"parameters":[1,0,1,0,648,162,200,200,255,0,10,true]},{"code":250,"indent":0,"parameters":[{"name":"Mate_Mmn","volume":90,"pitch":100,"pan":0}]},{"code":232,"indent":0,"parameters":[2,0,1,0,718,282,200,200,255,0,10,true]},{"code":250,"indent":0,"parameters":[{"name":"Mate_Mmn","volume":90,"pitch":100,"pan":0}]},{"code":232,"indent":0,"parameters":[3,0,1,0,578,274,200,200,255,0,10,true]},{"code":230,"indent":0,"parameters":[30]},{"code":231,"indent":0,"parameters":[4,"face_U+1F924",1,0,162,338,1,1,255,0]},{"code":250,"indent":0,"parameters":[{"name":"Mate_Mmn","volume":90,"pitch":100,"pan":0}]},{"code":232,"indent":0,"parameters":[4,0,1,0,162,338,200,200,255,0,10,true]},{"code":230,"indent":0,"parameters":[120]},{"code":250,"indent":0,"parameters":[{"name":"voice (18)","volume":100,"pitch":100,"pan":0}]},{"code":231,"indent":0,"parameters":[5,"face_U+1F447",1,0,162,186,200,200,255,0]},{"code":231,"indent":0,"parameters":[6,"kemono_nokemono",1,0,408,110,80,80,255,0]},{"code":230,"indent":0,"parameters":[200]},{"code":235,"indent":0,"parameters":[1]},{"code":235,"indent":0,"parameters":[2]},{"code":235,"indent":0,"parameters":[3]},{"code":235,"indent":0,"parameters":[4]},{"code":235,"indent":0,"parameters":[5]},{"code":235,"indent":0,"parameters":[6]},{"code":108,"indent":0,"parameters":[""]},{"code":408,"indent":0,"parameters":["━━━━━━━━━━━━━━━━━━━━━━━━━━━━━"]},{"code":408,"indent":0,"parameters":["　"]},{"code":231,"indent":0,"parameters":[1,"Actor1",1,0,648,162,1,1,255,0]},{"code":231,"indent":0,"parameters":[2,"Actor1",1,0,718,282,1,1,255,0]},{"code":231,"indent":0,"parameters":[3,"Actor1",1,0,578,274,1,1,255,0]},{"code":250,"indent":0,"parameters":[{"name":"Mate_Mmn","volume":90,"pitch":100,"pan":0}]},{"code":232,"indent":0,"parameters":[1,0,1,0,648,162,200,200,255,0,10,true]},{"code":250,"indent":0,"parameters":[{"name":"Mate_Mmn","volume":90,"pitch":100,"pan":0}]},{"code":232,"indent":0,"parameters":[2,0,1,0,718,282,200,200,255,0,10,true]},{"code":250,"indent":0,"parameters":[{"name":"Mate_Mmn","volume":90,"pitch":100,"pan":0}]},{"code":232,"indent":0,"parameters":[3,0,1,0,578,274,200,200,255,0,10,true]},{"code":230,"indent":0,"parameters":[30]},{"code":231,"indent":0,"parameters":[4,"face_U+1F924",1,0,162,338,1,1,255,0]},{"code":250,"indent":0,"parameters":[{"name":"Mate_Mmn","volume":90,"pitch":100,"pan":0}]},{"code":232,"indent":0,"parameters":[4,0,1,0,162,338,200,200,255,0,10,true]},{"code":230,"indent":0,"parameters":[60]},{"code":250,"indent":0,"parameters":[{"name":"voice (18)","volume":100,"pitch":100,"pan":0}]},{"code":231,"indent":0,"parameters":[5,"face_U+1F447",1,0,162,186,200,200,255,0]},{"code":231,"indent":0,"parameters":[6,"kemono_nokemono",1,0,408,110,80,80,255,0]},{"code":230,"indent":0,"parameters":[120]},{"code":235,"indent":0,"parameters":[1]},{"code":235,"indent":0,"parameters":[2]},{"code":235,"indent":0,"parameters":[3]},{"code":235,"indent":0,"parameters":[4]},{"code":235,"indent":0,"parameters":[5]},{"code":235,"indent":0,"parameters":[6]},{"code":108,"indent":0,"parameters":[""]},{"code":408,"indent":0,"parameters":["━━━━━━━━━━━━━━━━━━━━━━━━━━━━━"]},{"code":408,"indent":0,"parameters":["　"]},{"code":231,"indent":0,"parameters":[1,"pic_Actor3",1,0,648,162,1,1,255,0]},{"code":231,"indent":0,"parameters":[2,"pic_Actor3",1,0,718,282,1,1,255,0]},{"code":231,"indent":0,"parameters":[3,"pic_Actor3",1,0,578,274,1,1,255,0]},{"code":250,"indent":0,"parameters":[{"name":"Mate_Mmn","volume":90,"pitch":100,"pan":0}]},{"code":232,"indent":0,"parameters":[1,0,1,0,648,162,200,200,255,0,10,true]},{"code":250,"indent":0,"parameters":[{"name":"Mate_Mmn","volume":90,"pitch":100,"pan":0}]},{"code":232,"indent":0,"parameters":[2,0,1,0,718,282,200,200,255,0,10,true]},{"code":250,"indent":0,"parameters":[{"name":"Mate_Mmn","volume":90,"pitch":100,"pan":0}]},{"code":232,"indent":0,"parameters":[3,0,1,0,578,274,200,200,255,0,10,true]},{"code":230,"indent":0,"parameters":[30]},{"code":231,"indent":0,"parameters":[4,"Face_gomes",1,0,162,338,1,1,255,0]},{"code":250,"indent":0,"parameters":[{"name":"Mate_Mmn","volume":90,"pitch":100,"pan":0}]},{"code":232,"indent":0,"parameters":[4,0,1,0,162,338,200,200,255,0,10,true]},{"code":230,"indent":0,"parameters":[60]},{"code":250,"indent":0,"parameters":[{"name":"voice (19)","volume":100,"pitch":100,"pan":0}]},{"code":231,"indent":0,"parameters":[6,"kemono_kemono",1,0,408,110,80,80,255,0]},{"code":230,"indent":0,"parameters":[120]},{"code":232,"indent":0,"parameters":[4,0,1,0,648,162,200,200,255,0,5,true]},{"code":235,"indent":0,"parameters":[1]},{"code":235,"indent":0,"parameters":[2]},{"code":235,"indent":0,"parameters":[3]},{"code":235,"indent":0,"parameters":[4]},{"code":235,"indent":0,"parameters":[6]},{"code":108,"indent":0,"parameters":[""]},{"code":408,"indent":0,"parameters":["━━━━━━━━━━━━━━━━━━━━━━━━━━━━━"]},{"code":408,"indent":0,"parameters":["　"]},{"code":235,"indent":0,"parameters":[20]},{"code":284,"indent":0,"parameters":["",false,false,0,0]},{"code":250,"indent":0,"parameters":[{"name":"voice (20)","volume":100,"pitch":100,"pan":0}]},{"code":231,"indent":0,"parameters":[6,"kemono_ah",1,0,408,110,80,80,255,0]},{"code":230,"indent":0,"parameters":[30]},{"code":235,"indent":0,"parameters":[6]},{"code":231,"indent":0,"parameters":[20,"hugh",1,0,92,548,100,100,255,0]},{"code":284,"indent":0,"parameters":["ALLwhite",false,false,0,0]},{"code":108,"indent":0,"parameters":[""]},{"code":408,"indent":0,"parameters":["━━━━━━━━━━━━━━━━━━━━━━━━━━━━━"]},{"code":408,"indent":0,"parameters":["　"]},{"code":231,"indent":0,"parameters":[1,"kokosuki1",1,0,408,406,1,1,255,0]},{"code":250,"indent":0,"parameters":[{"name":"Mate_Mmn","volume":90,"pitch":100,"pan":0}]},{"code":232,"indent":0,"parameters":[1,0,1,0,408,406,200,200,255,0,10,true]},{"code":230,"indent":0,"parameters":[80]},{"code":250,"indent":0,"parameters":[{"name":"voice","volume":100,"pitch":100,"pan":0}]},{"code":231,"indent":0,"parameters":[5,"face_U+1F447",1,0,408,248,200,200,255,0]},{"code":231,"indent":0,"parameters":[6,"kemono_koresuki",1,0,408,110,80,80,255,0]},{"code":230,"indent":0,"parameters":[120]},{"code":235,"indent":0,"parameters":[1]},{"code":235,"indent":0,"parameters":[5]},{"code":235,"indent":0,"parameters":[6]},{"code":108,"indent":0,"parameters":[""]},{"code":408,"indent":0,"parameters":["━━━━━━━━━━━━━━━━━━━━━━━━━━━━━"]},{"code":408,"indent":0,"parameters":["　"]},{"code":231,"indent":0,"parameters":[1,"kokosuki2",1,0,408,406,1,1,255,0]},{"code":250,"indent":0,"parameters":[{"name":"Mate_Mmn","volume":90,"pitch":100,"pan":0}]},{"code":232,"indent":0,"parameters":[1,0,1,0,408,406,200,200,255,0,10,true]},{"code":230,"indent":0,"parameters":[20]},{"code":250,"indent":0,"parameters":[{"name":"voice","volume":100,"pitch":100,"pan":0}]},{"code":231,"indent":0,"parameters":[5,"face_U+1F447",1,0,408,248,200,200,255,0]},{"code":231,"indent":0,"parameters":[6,"kemono_koresuki",1,0,408,110,80,80,255,0]},{"code":230,"indent":0,"parameters":[60]},{"code":235,"indent":0,"parameters":[1]},{"code":235,"indent":0,"parameters":[5]},{"code":235,"indent":0,"parameters":[6]},{"code":108,"indent":0,"parameters":[""]},{"code":408,"indent":0,"parameters":["━━━━━━━━━━━━━━━━━━━━━━━━━━━━━"]},{"code":408,"indent":0,"parameters":["　"]},{"code":231,"indent":0,"parameters":[1,"kokosuki3",1,0,408,406,1,1,255,0]},{"code":250,"indent":0,"parameters":[{"name":"Mate_Mmn","volume":90,"pitch":100,"pan":0}]},{"code":232,"indent":0,"parameters":[1,0,1,0,408,406,200,200,255,0,10,true]},{"code":230,"indent":0,"parameters":[20]},{"code":250,"indent":0,"parameters":[{"name":"voice","volume":100,"pitch":100,"pan":0}]},{"code":231,"indent":0,"parameters":[5,"face_U+1F447",1,0,408,248,200,200,255,0]},{"code":231,"indent":0,"parameters":[6,"kemono_koresuki",1,0,408,110,80,80,255,0]},{"code":230,"indent":0,"parameters":[60]},{"code":235,"indent":0,"parameters":[1]},{"code":235,"indent":0,"parameters":[5]},{"code":235,"indent":0,"parameters":[6]},{"code":108,"indent":0,"parameters":[""]},{"code":408,"indent":0,"parameters":["━━━━━━━━━━━━━━━━━━━━━━━━━━━━━"]},{"code":408,"indent":0,"parameters":["　"]},{"code":231,"indent":0,"parameters":[1,"kedamono2",1,0,408,406,1,1,255,0]},{"code":250,"indent":0,"parameters":[{"name":"Mate_Mmn","volume":90,"pitch":100,"pan":0}]},{"code":232,"indent":0,"parameters":[1,0,1,0,408,406,200,200,255,0,10,true]},{"code":250,"indent":0,"parameters":[{"name":"voice (1)","volume":100,"pitch":100,"pan":0}]},{"code":231,"indent":0,"parameters":[5,"face_U+1F447",1,0,408,248,200,200,255,0]},{"code":231,"indent":0,"parameters":[6,"kemono_korekirai",1,0,408,110,80,80,255,0]},{"code":230,"indent":0,"parameters":[80]},{"code":235,"indent":0,"parameters":[1]},{"code":235,"indent":0,"parameters":[5]},{"code":235,"indent":0,"parameters":[6]},{"code":108,"indent":0,"parameters":[""]},{"code":408,"indent":0,"parameters":["━━━━━━━━━━━━━━━━━━━━━━━━━━━━━"]},{"code":408,"indent":0,"parameters":["　"]},{"code":231,"indent":0,"parameters":[1,"oppai",1,0,408,406,1,1,255,0]},{"code":250,"indent":0,"parameters":[{"name":"Mate_Mmn","volume":90,"pitch":100,"pan":0}]},{"code":232,"indent":0,"parameters":[1,0,1,0,408,406,200,200,255,0,10,true]},{"code":230,"indent":0,"parameters":[20]},{"code":250,"indent":0,"parameters":[{"name":"voice","volume":100,"pitch":100,"pan":0}]},{"code":231,"indent":0,"parameters":[5,"face_U+1F447",1,0,408,248,200,200,255,0]},{"code":231,"indent":0,"parameters":[6,"kemono_koresuki",1,0,408,110,80,80,255,0]},{"code":230,"indent":0,"parameters":[60]},{"code":235,"indent":0,"parameters":[1]},{"code":235,"indent":0,"parameters":[5]},{"code":235,"indent":0,"parameters":[6]},{"code":108,"indent":0,"parameters":[""]},{"code":408,"indent":0,"parameters":["━━━━━━━━━━━━━━━━━━━━━━━━━━━━━"]},{"code":408,"indent":0,"parameters":["　"]},{"code":231,"indent":0,"parameters":[1,"starlight3",1,0,408,406,1,1,255,0]},{"code":250,"indent":0,"parameters":[{"name":"Mate_Mmn","volume":90,"pitch":100,"pan":0}]},{"code":232,"indent":0,"parameters":[1,0,1,0,408,406,200,200,255,0,10,true]},{"code":230,"indent":0,"parameters":[20]},{"code":250,"indent":0,"parameters":[{"name":"voice","volume":100,"pitch":100,"pan":0}]},{"code":231,"indent":0,"parameters":[5,"face_U+1F447",1,0,408,248,200,200,255,0]},{"code":231,"indent":0,"parameters":[6,"kemono_koresuki",1,0,408,110,80,80,255,0]},{"code":230,"indent":0,"parameters":[60]},{"code":235,"indent":0,"parameters":[5]},{"code":235,"indent":0,"parameters":[6]},{"code":108,"indent":0,"parameters":[""]},{"code":408,"indent":0,"parameters":["━━━━━━━━━━━━━━━━━━━━━━━━━━━━━"]},{"code":408,"indent":0,"parameters":["　"]},{"code":231,"indent":0,"parameters":[2,"marara",1,0,656,900,200,1,255,0]},{"code":250,"indent":0,"parameters":[{"name":"Mate_Mmn","volume":90,"pitch":100,"pan":0}]},{"code":232,"indent":0,"parameters":[2,0,1,0,656,414,200,200,255,0,10,true]},{"code":230,"indent":0,"parameters":[20]},{"code":250,"indent":0,"parameters":[{"name":"voice (2)","volume":100,"pitch":100,"pan":0}]},{"code":231,"indent":0,"parameters":[5,"face_U+1F447",1,0,612,270,200,200,255,0]},{"code":231,"indent":0,"parameters":[6,"kemono_chin",1,0,408,110,80,80,255,0]},{"code":230,"indent":0,"parameters":[100]},{"code":235,"indent":0,"parameters":[1]},{"code":235,"indent":0,"parameters":[2]},{"code":235,"indent":0,"parameters":[5]},{"code":235,"indent":0,"parameters":[6]},{"code":108,"indent":0,"parameters":[""]},{"code":408,"indent":0,"parameters":["━━━━━━━━━━━━━━━━━━━━━━━━━━━━━"]},{"code":408,"indent":0,"parameters":["　"]},{"code":231,"indent":0,"parameters":[1,"Succubus",1,0,408,406,1,1,255,0]},{"code":250,"indent":0,"parameters":[{"name":"Mate_Mmn","volume":90,"pitch":100,"pan":0}]},{"code":232,"indent":0,"parameters":[1,0,1,0,408,406,200,200,255,0,10,true]},{"code":230,"indent":0,"parameters":[20]},{"code":250,"indent":0,"parameters":[{"name":"voice","volume":100,"pitch":100,"pan":0}]},{"code":231,"indent":0,"parameters":[5,"face_U+1F447",1,0,408,248,200,200,255,0]},{"code":231,"indent":0,"parameters":[6,"kemono_koresuki",1,0,408,110,80,80,255,0]},{"code":230,"indent":0,"parameters":[60]},{"code":235,"indent":0,"parameters":[1]},{"code":235,"indent":0,"parameters":[5]},{"code":235,"indent":0,"parameters":[6]},{"code":108,"indent":0,"parameters":[""]},{"code":408,"indent":0,"parameters":["━━━━━━━━━━━━━━━━━━━━━━━━━━━━━"]},{"code":408,"indent":0,"parameters":["　"]},{"code":231,"indent":0,"parameters":[1,"kokosuki4",1,0,408,406,1,1,255,0]},{"code":250,"indent":0,"parameters":[{"name":"Mate_Mmn","volume":90,"pitch":100,"pan":0}]},{"code":232,"indent":0,"parameters":[1,0,1,0,408,406,200,200,255,0,10,true]},{"code":230,"indent":0,"parameters":[20]},{"code":250,"indent":0,"parameters":[{"name":"voice","volume":100,"pitch":100,"pan":0}]},{"code":231,"indent":0,"parameters":[5,"face_U+1F447",1,0,408,248,200,200,255,0]},{"code":231,"indent":0,"parameters":[6,"kemono_koresuki",1,0,408,110,80,80,255,0]},{"code":230,"indent":0,"parameters":[60]},{"code":235,"indent":0,"parameters":[1]},{"code":235,"indent":0,"parameters":[5]},{"code":235,"indent":0,"parameters":[6]},{"code":108,"indent":0,"parameters":[""]},{"code":408,"indent":0,"parameters":["━━━━━━━━━━━━━━━━━━━━━━━━━━━━━"]},{"code":408,"indent":0,"parameters":["　"]},{"code":231,"indent":0,"parameters":[1,"kokosuki5",1,0,408,406,1,1,255,0]},{"code":250,"indent":0,"parameters":[{"name":"Mate_Mmn","volume":90,"pitch":100,"pan":0}]},{"code":232,"indent":0,"parameters":[1,0,1,0,408,406,200,200,255,0,10,true]},{"code":230,"indent":0,"parameters":[20]},{"code":250,"indent":0,"parameters":[{"name":"voice","volume":100,"pitch":100,"pan":0}]},{"code":231,"indent":0,"parameters":[5,"face_U+1F447",1,0,408,248,200,200,255,0]},{"code":231,"indent":0,"parameters":[6,"kemono_koresuki",1,0,408,110,80,80,255,0]},{"code":230,"indent":0,"parameters":[60]},{"code":235,"indent":0,"parameters":[1]},{"code":235,"indent":0,"parameters":[5]},{"code":235,"indent":0,"parameters":[6]},{"code":108,"indent":0,"parameters":[""]},{"code":408,"indent":0,"parameters":["━━━━━━━━━━━━━━━━━━━━━━━━━━━━━"]},{"code":408,"indent":0,"parameters":["　"]},{"code":231,"indent":0,"parameters":[1,"koresute",1,0,408,406,1,1,255,0]},{"code":250,"indent":0,"parameters":[{"name":"Mate_Mmn","volume":90,"pitch":100,"pan":0}]},{"code":232,"indent":0,"parameters":[1,0,1,0,408,406,200,200,255,0,10,true]},{"code":230,"indent":0,"parameters":[20]},{"code":250,"indent":0,"parameters":[{"name":"voice (3)","volume":100,"pitch":100,"pan":0}]},{"code":231,"indent":0,"parameters":[5,"face_U+1F447",1,0,408,248,200,200,255,0]},{"code":231,"indent":0,"parameters":[6,"kemono_koresute",1,0,408,110,80,80,255,0]},{"code":230,"indent":0,"parameters":[60]},{"code":235,"indent":0,"parameters":[1]},{"code":235,"indent":0,"parameters":[5]},{"code":235,"indent":0,"parameters":[6]},{"code":108,"indent":0,"parameters":[""]},{"code":408,"indent":0,"parameters":["━━━━━━━━━━━━━━━━━━━━━━━━━━━━━"]},{"code":408,"indent":0,"parameters":["　"]},{"code":231,"indent":0,"parameters":[1,"koreruprison",1,0,408,406,1,1,255,0]},{"code":250,"indent":0,"parameters":[{"name":"Mate_Mmn","volume":90,"pitch":100,"pan":0}]},{"code":232,"indent":0,"parameters":[1,0,1,0,408,406,200,200,255,0,10,true]},{"code":230,"indent":0,"parameters":[20]},{"code":250,"indent":0,"parameters":[{"name":"voice (4)","volume":100,"pitch":100,"pan":0}]},{"code":231,"indent":0,"parameters":[5,"face_U+1F447",1,0,408,248,200,200,255,0]},{"code":231,"indent":0,"parameters":[6,"kemono_korel",1,0,408,110,80,80,255,0]},{"code":230,"indent":0,"parameters":[60]},{"code":235,"indent":0,"parameters":[1]},{"code":235,"indent":0,"parameters":[5]},{"code":235,"indent":0,"parameters":[6]},{"code":108,"indent":0,"parameters":[""]},{"code":408,"indent":0,"parameters":["━━━━━━━━━━━━━━━━━━━━━━━━━━━━━"]},{"code":408,"indent":0,"parameters":["　"]},{"code":231,"indent":0,"parameters":[1,"showyou",1,0,408,406,1,1,255,0]},{"code":250,"indent":0,"parameters":[{"name":"Mate_Mmn","volume":90,"pitch":100,"pan":0}]},{"code":232,"indent":0,"parameters":[1,0,1,0,408,406,200,200,255,0,10,true]},{"code":230,"indent":0,"parameters":[20]},{"code":250,"indent":0,"parameters":[{"name":"voice (5)","volume":100,"pitch":100,"pan":0}]},{"code":231,"indent":0,"parameters":[5,"face_U+1F447",1,0,408,248,200,200,255,0]},{"code":231,"indent":0,"parameters":[6,"kemono_showyou",1,0,408,110,80,80,255,0]},{"code":230,"indent":0,"parameters":[80]},{"code":235,"indent":0,"parameters":[1]},{"code":235,"indent":0,"parameters":[5]},{"code":235,"indent":0,"parameters":[6]},{"code":108,"indent":0,"parameters":[""]},{"code":408,"indent":0,"parameters":["━━━━━━━━━━━━━━━━━━━━━━━━━━━━━"]},{"code":408,"indent":0,"parameters":["　"]},{"code":231,"indent":0,"parameters":[1,"other_boom_k02",1,0,408,406,1,1,255,0]},{"code":250,"indent":0,"parameters":[{"name":"Mate_Mmn","volume":90,"pitch":100,"pan":0}]},{"code":232,"indent":0,"parameters":[1,0,1,0,408,406,200,200,255,0,10,true]},{"code":250,"indent":0,"parameters":[{"name":"voice (6)","volume":100,"pitch":100,"pan":0}]},{"code":231,"indent":0,"parameters":[5,"face_U+1F447",1,0,408,248,200,200,255,0]},{"code":231,"indent":0,"parameters":[6,"kemono_showyou2",1,0,408,110,80,80,255,0]},{"code":230,"indent":0,"parameters":[80]},{"code":235,"indent":0,"parameters":[5]},{"code":235,"indent":0,"parameters":[6]},{"code":108,"indent":0,"parameters":[""]},{"code":408,"indent":0,"parameters":["━━━━━━━━━━━━━━━━━━━━━━━━━━━━━"]},{"code":408,"indent":0,"parameters":["　"]},{"code":250,"indent":0,"parameters":[{"name":"voice (8)","volume":100,"pitch":100,"pan":0}]},{"code":231,"indent":0,"parameters":[5,"face_U+1F447",1,0,408,248,200,200,255,0]},{"code":231,"indent":0,"parameters":[6,"kemono_goku",1,0,408,110,80,80,255,0]},{"code":232,"indent":0,"parameters":[1,0,1,0,408,406,300,300,255,0,1,true]},{"code":232,"indent":0,"parameters":[1,0,1,0,408,406,200,200,255,0,10,true]},{"code":232,"indent":0,"parameters":[1,0,1,0,408,406,300,300,255,0,1,true]},{"code":232,"indent":0,"parameters":[1,0,1,0,408,406,200,200,255,0,10,true]},{"code":232,"indent":0,"parameters":[1,0,1,0,408,406,300,300,255,0,1,true]},{"code":232,"indent":0,"parameters":[1,0,1,0,408,406,200,200,255,0,10,true]},{"code":230,"indent":0,"parameters":[40]},{"code":235,"indent":0,"parameters":[5]},{"code":235,"indent":0,"parameters":[6]},{"code":108,"indent":0,"parameters":[""]},{"code":408,"indent":0,"parameters":["━━━━━━━━━━━━━━━━━━━━━━━━━━━━━"]},{"code":408,"indent":0,"parameters":["　"]},{"code":250,"indent":0,"parameters":[{"name":"voice (9)","volume":100,"pitch":100,"pan":0}]},{"code":231,"indent":0,"parameters":[5,"face_U+1F447",1,0,408,248,200,200,255,0]},{"code":231,"indent":0,"parameters":[6,"kemono_wasted",1,0,408,110,80,80,255,0]},{"code":234,"indent":0,"parameters":[1,[0,0,0,255],10,false]},{"code":233,"indent":0,"parameters":[1,2]},{"code":230,"indent":0,"parameters":[70]},{"code":235,"indent":0,"parameters":[1]},{"code":235,"indent":0,"parameters":[5]},{"code":235,"indent":0,"parameters":[6]},{"code":230,"indent":0,"parameters":[60]},{"code":108,"indent":0,"parameters":[""]},{"code":408,"indent":0,"parameters":["━━━━━━━━━━━━━━━━━━━━━━━━━━━━━"]},{"code":408,"indent":0,"parameters":["　"]},{"code":231,"indent":0,"parameters":[1,"kedamono1",1,0,408,406,1,1,255,0]},{"code":250,"indent":0,"parameters":[{"name":"Mate_Mmn","volume":90,"pitch":100,"pan":0}]},{"code":232,"indent":0,"parameters":[1,0,1,0,408,406,200,200,255,0,10,true]},{"code":230,"indent":0,"parameters":[20]},{"code":250,"indent":0,"parameters":[{"name":"voice (10)","volume":100,"pitch":100,"pan":0}]},{"code":231,"indent":0,"parameters":[5,"face_U+1F447",1,0,408,248,200,200,255,0]},{"code":231,"indent":0,"parameters":[6,"kemono_kedamono",1,0,408,110,80,80,255,0]},{"code":230,"indent":0,"parameters":[60]},{"code":235,"indent":0,"parameters":[1]},{"code":235,"indent":0,"parameters":[5]},{"code":235,"indent":0,"parameters":[6]},{"code":108,"indent":0,"parameters":[""]},{"code":408,"indent":0,"parameters":["━━━━━━━━━━━━━━━━━━━━━━━━━━━━━"]},{"code":408,"indent":0,"parameters":["　"]},{"code":231,"indent":0,"parameters":[1,"kedamono2",1,0,408,406,1,1,255,0]},{"code":250,"indent":0,"parameters":[{"name":"Mate_Mmn","volume":90,"pitch":100,"pan":0}]},{"code":232,"indent":0,"parameters":[1,0,1,0,408,406,200,200,255,0,10,true]},{"code":230,"indent":0,"parameters":[20]},{"code":250,"indent":0,"parameters":[{"name":"voice (10)","volume":100,"pitch":100,"pan":0}]},{"code":231,"indent":0,"parameters":[5,"face_U+1F447",1,0,408,248,200,200,255,0]},{"code":231,"indent":0,"parameters":[6,"kemono_kedamono",1,0,408,110,80,80,255,0]},{"code":230,"indent":0,"parameters":[60]},{"code":235,"indent":0,"parameters":[1]},{"code":235,"indent":0,"parameters":[5]},{"code":235,"indent":0,"parameters":[6]},{"code":108,"indent":0,"parameters":[""]},{"code":408,"indent":0,"parameters":["━━━━━━━━━━━━━━━━━━━━━━━━━━━━━"]},{"code":408,"indent":0,"parameters":["　"]},{"code":231,"indent":0,"parameters":[1,"Evilgod",1,0,408,406,1,1,255,0]},{"code":250,"indent":0,"parameters":[{"name":"Mate_Mmn","volume":90,"pitch":100,"pan":0}]},{"code":232,"indent":0,"parameters":[1,0,1,0,408,406,200,200,255,0,10,true]},{"code":230,"indent":0,"parameters":[20]},{"code":250,"indent":0,"parameters":[{"name":"voice (11)","volume":100,"pitch":100,"pan":0}]},{"code":231,"indent":0,"parameters":[5,"face_U+1F447",1,0,408,248,200,200,255,0]},{"code":231,"indent":0,"parameters":[6,"kemono_sugoikedamono",1,0,408,110,80,80,255,0]},{"code":230,"indent":0,"parameters":[90]},{"code":235,"indent":0,"parameters":[1]},{"code":235,"indent":0,"parameters":[5]},{"code":235,"indent":0,"parameters":[6]},{"code":108,"indent":0,"parameters":[""]},{"code":408,"indent":0,"parameters":["━━━━━━━━━━━━━━━━━━━━━━━━━━━━━"]},{"code":408,"indent":0,"parameters":["　"]},{"code":231,"indent":0,"parameters":[1,"SF_DarkLord2000",1,0,408,406,1,1,255,0]},{"code":250,"indent":0,"parameters":[{"name":"Mate_Mmn","volume":90,"pitch":100,"pan":0}]},{"code":232,"indent":0,"parameters":[1,0,1,0,408,406,200,200,255,0,10,true]},{"code":230,"indent":0,"parameters":[20]},{"code":250,"indent":0,"parameters":[{"name":"voice (12)","volume":100,"pitch":100,"pan":0}]},{"code":231,"indent":0,"parameters":[5,"face_U+1F447",1,0,408,248,200,200,255,0]},{"code":231,"indent":0,"parameters":[6,"kemono_mettyakedamono",1,0,408,110,80,80,255,0]},{"code":230,"indent":0,"parameters":[70]},{"code":235,"indent":0,"parameters":[1]},{"code":235,"indent":0,"parameters":[5]},{"code":235,"indent":0,"parameters":[6]},{"code":108,"indent":0,"parameters":[""]},{"code":408,"indent":0,"parameters":["━━━━━━━━━━━━━━━━━━━━━━━━━━━━━"]},{"code":408,"indent":0,"parameters":["　"]},{"code":231,"indent":0,"parameters":[1,"earth1",1,0,408,406,1,1,255,0]},{"code":250,"indent":0,"parameters":[{"name":"Mate_Mmn","volume":90,"pitch":100,"pan":0}]},{"code":232,"indent":0,"parameters":[1,0,1,0,408,406,300,300,255,0,10,true]},{"code":231,"indent":0,"parameters":[2,"pic_Actor3",1,0,408,406,1,1,255,0]},{"code":232,"indent":0,"parameters":[2,0,1,0,408,406,200,200,255,0,10,true]},{"code":230,"indent":0,"parameters":[20]},{"code":250,"indent":0,"parameters":[{"name":"voice (13)","volume":100,"pitch":100,"pan":0}]},{"code":231,"indent":0,"parameters":[5,"face_U+1F447",1,0,408,248,200,200,255,0]},{"code":231,"indent":0,"parameters":[6,"kemono_kedamonoworld",1,0,408,110,50,50,255,0]},{"code":230,"indent":0,"parameters":[80]},{"code":231,"indent":0,"parameters":[3,"pic_Actor3",1,0,210,308,1,1,255,0]},{"code":250,"indent":0,"parameters":[{"name":"Mate_Mmn","volume":90,"pitch":100,"pan":0}]},{"code":232,"indent":0,"parameters":[3,0,1,0,210,308,200,200,255,0,10,true]},{"code":230,"indent":0,"parameters":[20]},{"code":250,"indent":0,"parameters":[{"name":"voice (14)","volume":100,"pitch":100,"pan":0}]},{"code":231,"indent":0,"parameters":[5,"face_U+1F447",1,0,210,148,200,200,255,0]},{"code":231,"indent":0,"parameters":[6,"kemono_sekaihakedamono",1,0,408,110,50,50,255,0]},{"code":230,"indent":0,"parameters":[120]},{"code":231,"indent":0,"parameters":[4,"pic_Actor3",1,0,650,300,1,1,255,0]},{"code":250,"indent":0,"parameters":[{"name":"Mate_Mmn","volume":90,"pitch":100,"pan":0}]},{"code":232,"indent":0,"parameters":[4,0,1,0,650,300,200,200,255,0,10,true]},{"code":230,"indent":0,"parameters":[20]},{"code":250,"indent":0,"parameters":[{"name":"voice (15)","volume":100,"pitch":100,"pan":0}]},{"code":231,"indent":0,"parameters":[5,"face_U+1F447",1,0,650,148,200,200,255,0]},{"code":231,"indent":0,"parameters":[6,"kemono_kimimokedamono",1,0,408,110,50,50,255,0]},{"code":230,"indent":0,"parameters":[120]},{"code":231,"indent":0,"parameters":[21,"pic_Actor3",1,0,84,534,1,1,255,0]},{"code":250,"indent":0,"parameters":[{"name":"Mate_Mmn","volume":90,"pitch":100,"pan":0}]},{"code":232,"indent":0,"parameters":[21,0,1,0,84,534,-100,100,255,0,10,true]},{"code":230,"indent":0,"parameters":[20]},{"code":250,"indent":0,"parameters":[{"name":"voice (16)","volume":100,"pitch":100,"pan":0}]},{"code":231,"indent":0,"parameters":[5,"face_U+1F447",1,0,94,382,200,200,255,0]},{"code":231,"indent":0,"parameters":[6,"kemono_bokumo",1,0,408,200,60,60,255,0]},{"code":230,"indent":0,"parameters":[120]},{"code":235,"indent":0,"parameters":[5]},{"code":235,"indent":0,"parameters":[6]},{"code":231,"indent":0,"parameters":[22,"pic_Actor3",1,0,408,312,1,1,255,0]},{"code":250,"indent":0,"parameters":[{"name":"Mate_Mmn","volume":90,"pitch":100,"pan":0}]},{"code":232,"indent":0,"parameters":[22,0,1,0,408,312,600,600,255,0,10,true]},{"code":230,"indent":0,"parameters":[20]},{"code":250,"indent":0,"parameters":[{"name":"voice (17)","volume":100,"pitch":100,"pan":0}]},{"code":231,"indent":0,"parameters":[23,"kemono_kedamonoshiyo",1,0,408,110,70,70,255,0]},{"code":230,"indent":0,"parameters":[80]},{"code":235,"indent":0,"parameters":[23]},{"code":250,"indent":0,"parameters":[{"name":"Mate_bukujutsu","volume":100,"pitch":100,"pan":0}]},{"code":232,"indent":0,"parameters":[22,0,1,0,408,312,1500,1500,255,0,10,true]},{"code":235,"indent":0,"parameters":[1]},{"code":235,"indent":0,"parameters":[2]},{"code":235,"indent":0,"parameters":[3]},{"code":235,"indent":0,"parameters":[4]},{"code":235,"indent":0,"parameters":[20]},{"code":235,"indent":0,"parameters":[21]},{"code":235,"indent":0,"parameters":[22]},{"code":284,"indent":0,"parameters":["",false,false,0,0]},{"code":231,"indent":0,"parameters":[6,"kemono_ah",1,0,408,110,80,80,255,0]},{"code":232,"indent":0,"parameters":[6,0,1,0,408,110,100,800,255,0,120,false]},{"code":250,"indent":0,"parameters":[{"name":"Magic10","volume":65,"pitch":150,"pan":0}]},{"code":250,"indent":0,"parameters":[{"name":"Mate_Ahh","volume":90,"pitch":50,"pan":0}]},{"code":230,"indent":0,"parameters":[5]},{"code":250,"indent":0,"parameters":[{"name":"Mate_Ahhm_sexy","volume":90,"pitch":60,"pan":0}]},{"code":230,"indent":0,"parameters":[5]},{"code":250,"indent":0,"parameters":[{"name":"Mate_Ahhm_sexy","volume":90,"pitch":70,"pan":0}]},{"code":230,"indent":0,"parameters":[5]},{"code":250,"indent":0,"parameters":[{"name":"Mate_Ahhm_sexy","volume":90,"pitch":80,"pan":0}]},{"code":230,"indent":0,"parameters":[5]},{"code":250,"indent":0,"parameters":[{"name":"Mate_Ahhm_sexy","volume":90,"pitch":90,"pan":0}]},{"code":230,"indent":0,"parameters":[5]},{"code":250,"indent":0,"parameters":[{"name":"Mate_Ahhm_sexy","volume":90,"pitch":100,"pan":0}]},{"code":230,"indent":0,"parameters":[5]},{"code":250,"indent":0,"parameters":[{"name":"Mate_Ahhm_sexy","volume":90,"pitch":110,"pan":0}]},{"code":230,"indent":0,"parameters":[5]},{"code":250,"indent":0,"parameters":[{"name":"Mate_Ahhm_sexy","volume":90,"pitch":120,"pan":0}]},{"code":230,"indent":0,"parameters":[5]},{"code":250,"indent":0,"parameters":[{"name":"Mate_Ahhm_sexy","volume":90,"pitch":130,"pan":0}]},{"code":230,"indent":0,"parameters":[5]},{"code":250,"indent":0,"parameters":[{"name":"Mate_Ahhm_sexy","volume":90,"pitch":140,"pan":0}]},{"code":230,"indent":0,"parameters":[5]},{"code":250,"indent":0,"parameters":[{"name":"Mate_Ahhm_sexy","volume":90,"pitch":150,"pan":0}]},{"code":230,"indent":0,"parameters":[5]},{"code":230,"indent":0,"parameters":[30]},{"code":108,"indent":0,"parameters":[""]},{"code":408,"indent":0,"parameters":["━━━━━━━━━━━━━━━━━━━━━━━━━━━━━"]},{"code":408,"indent":0,"parameters":["　"]},{"code":117,"indent":0,"parameters":[5]},{"code":201,"indent":0,"parameters":[0,22,0,0,0,2]},{"code":235,"indent":0,"parameters":[6]},{"code":117,"indent":0,"parameters":[6]},{"code":0,"indent":0,"parameters":[]}],"moveFrequency":3,"moveRoute":{"list":[{"code":0,"parameters":[]}],"repeat":true,"skippable":false,"wait":false},"moveSpeed":3,"moveType":0,"priorityType":0,"stepAnime":false,"through":false,"trigger":3,"walkAnime":true}],"x":0,"y":0},
null
]
}