{
"autoplayBgm":false,"autoplayBgs":false,"battleback1Name":"","battleback2Name":"","bgm":{"name":"","pan":0,"pitch":100,"volume":90},"bgs":{"name":"","pan":0,"pitch":100,"volume":90},"disableDashing":false,"displayName":"","encounterList":[],"encounterStep":30,"height":13,"note":"","parallaxLoopX":false,"parallaxLoopY":false,"parallaxName":"","parallaxShow":true,"parallaxSx":0,"parallaxSy":0,"scrollType":0,"specifyBattleback":false,"tilesetId":1,"width":17,
"data":[0,0,0,0,0,0,0,0,0,0,0,0,0,0,0,0,0,0,0,0,0,0,0,0,0,0,0,0,0,0,0,0,0,0,0,0,0,0,0,0,0,0,0,0,0,0,0,0,0,0,0,0,0,0,0,0,0,0,0,0,0,0,0,0,0,0,0,0,0,0,0,0,0,0,0,0,0,0,0,0,0,0,0,0,0,0,0,0,0,0,0,0,0,0,0,0,0,0,0,0,0,0,0,0,0,0,0,0,0,0,0,0,0,0,0,0,0,0,0,0,0,0,0,0,0,0,0,0,0,0,0,0,0,0,0,0,0,0,0,0,0,0,0,0,0,0,0,0,0,0,0,0,0,0,0,0,0,0,0,0,0,0,0,0,0,0,0,0,0,0,0,0,0,0,0,0,0,0,0,0,0,0,0,0,0,0,0,0,0,0,0,0,0,0,0,0,0,0,0,0,0,0,0,0,0,0,0,0,0,0,0,0,0,0,0,0,0,0,0,0,0,0,0,0,0,0,0,0,0,0,0,0,0,0,0,0,0,0,0,0,0,0,0,0,0,0,0,0,0,0,0,0,0,0,0,0,0,0,0,0,0,0,0,0,0,0,0,0,0,0,0,0,0,0,0,0,0,0,0,0,0,0,0,0,0,0,0,0,0,0,0,0,0,0,0,0,0,0,0,0,0,0,0,0,0,0,0,0,0,0,0,0,0,0,0,0,0,0,0,0,0,0,0,0,0,0,0,0,0,0,0,0,0,0,0,0,0,0,0,0,0,0,0,0,0,0,0,0,0,0,0,0,0,0,0,0,0,0,0,0,0,0,0,0,0,0,0,0,0,0,0,0,0,0,0,0,0,0,0,0,0,0,0,0,0,0,0,0,0,0,0,0,0,0,0,0,0,0,0,0,0,0,0,0,0,0,0,0,0,0,0,0,0,0,0,0,0,0,0,0,0,0,0,0,0,0,0,0,0,0,0,0,0,0,0,0,0,0,0,0,0,0,0,0,0,0,0,0,0,0,0,0,0,0,0,0,0,0,0,0,0,0,0,0,0,0,0,0,0,0,0,0,0,0,0,0,0,0,0,0,0,0,0,0,0,0,0,0,0,0,0,0,0,0,0,0,0,0,0,0,0,0,0,0,0,0,0,0,0,0,0,0,0,0,0,0,0,0,0,0,0,0,0,0,0,0,0,0,0,0,0,0,0,0,0,0,0,0,0,0,0,0,0,0,0,0,0,0,0,0,0,0,0,0,0,0,0,0,0,0,0,0,0,0,0,0,0,0,0,0,0,0,0,0,0,0,0,0,0,0,0,0,0,0,0,0,0,0,0,0,0,0,0,0,0,0,0,0,0,0,0,0,0,0,0,0,0,0,0,0,0,0,0,0,0,0,0,0,0,0,0,0,0,0,0,0,0,0,0,0,0,0,0,0,0,0,0,0,0,0,0,0,0,0,0,0,0,0,0,0,0,0,0,0,0,0,0,0,0,0,0,0,0,0,0,0,0,0,0,0,0,0,0,0,0,0,0,0,0,0,0,0,0,0,0,0,0,0,0,0,0,0,0,0,0,0,0,0,0,0,0,0,0,0,0,0,0,0,0,0,0,0,0,0,0,0,0,0,0,0,0,0,0,0,0,0,0,0,0,0,0,0,0,0,0,0,0,0,0,0,0,0,0,0,0,0,0,0,0,0,0,0,0,0,0,0,0,0,0,0,0,0,0,0,0,0,0,0,0,0,0,0,0,0,0,0,0,0,0,0,0,0,0,0,0,0,0,0,0,0,0,0,0,0,0,0,0,0,0,0,0,0,0,0,0,0,0,0,0,0,0,0,0,0,0,0,0,0,0,0,0,0,0,0,0,0,0,0,0,0,0,0,0,0,0,0,0,0,0,0,0,0,0,0,0,0,0,0,0,0,0,0,0,0,0,0,0,0,0,0,0,0,0,0,0,0,0,0,0,0,0,0,0,0,0,0,0,0,0,0,0,0,0,0,0,0,0,0,0,0,0,0,0,0,0,0,0,0,0,0,0,0,0,0,0,0,0,0,0,0,0,0,0,0,0,0,0,0,0,0,0,0,0,0,0,0,0,0,0,0,0,0,0,0,0,0,0,0,0,0,0,0,0,0,0,0,0,0,0,0,0,0,0,0,0,0,0,0,0,0,0,0,0,0,0,0,0,0,0,0,0,0,0,0,0,0,0,0,0,0,0,0,0,0,0,0,0,0,0,0,0,0,0,0,0,0,0,0,0,0,0,0,0,0,0,0,0,0,0,0,0,0,0,0,0,0,0,0,0,0,0,0,0,0,0,0,0,0,0,0,0,0,0,0,0,0,0,0,0,0,0,0,0,0,0,0,0,0,0,0,0,0,0,0,0,0,0,0,0,0,0,0,0,0,0,0,0,0,0,0,0,0,0,0,0,0,0,0,0,0,0,0,0,0,0,0,0,0,0,0,0,0,0,0,0,0,0,0,0,0,0,0,0,0,0,0,0,0,0,0,0,0,0,0,0,0,0,0,0,0,0,0,0,0,0,0,0,0,0,0,0,0,0,0,0,0,0,0,0,0,0,0,0,0,0,0,0,0,0,0,0,0,0,0,0,0,0,0,0,0,0,0,0,0,0,0,0,0,0,0,0,0,0,0,0,0,0,0,0,0,0,0,0,0,0,0,0,0,0,0,0,0,0,0,0,0,0,0,0,0,0,0,0,0,0,0,0,0,0,0,0,0,0,0,0,0,0,0,0,0,0,0,0,0,0,0,0,0,0,0,0,0,0,0,0,0,0,0,0,0,0,0,0,0,0,0,0,0,0,0,0,0,0,0,0,0,0,0,0,0,0,0,0,0,0,0,0,0,0,0,0,0,0,0,0,0,0,0,0,0,0,0,0,0,0,0,0,0,0,0,0,0,0,0,0,0,0,0,0,0,0,0,0,0,0,0,0,0,0,0,0,0,0,0,0,0,0,0,0,0,0,0,0,0,0,0],
"events":[
null,
{"id":1,"name":"EV001","note":"","pages":[{"conditions":{"actorId":1,"actorValid":false,"itemId":1,"itemValid":false,"selfSwitchCh":"A","selfSwitchValid":false,"switch1Id":1,"switch1Valid":false,"switch2Id":1,"switch2Valid":false,"variableId":1,"variableValid":false,"variableValue":0},"directionFix":false,"image":{"characterIndex":0,"characterName":"","direction":2,"pattern":0,"tileId":0},"list":[{"code":250,"indent":0,"parameters":[{"name":"Mate_pinpon","volume":90,"pitch":100,"pan":0}]},{"code":356,"indent":0,"parameters":["フキダシウィンドウ無効化"]},{"code":101,"indent":0,"parameters":["",0,2,1]},{"code":401,"indent":0,"parameters":["\\><<注意>>"]},{"code":401,"indent":0,"parameters":["\\>当ゲームをブラウザで遊ぶ際、環境によっては"]},{"code":401,"indent":0,"parameters":["\\>予期せぬ動作を起こす場合があります。"]},{"code":401,"indent":0,"parameters":["\\>その場合は、ＤＬ版をご利用下さい。"]},{"code":230,"indent":0,"parameters":[60]},{"code":231,"indent":0,"parameters":[10,"spotlight",1,0,408,312,100,100,255,0]},{"code":250,"indent":0,"parameters":[{"name":"Mate_Opening_Buzzer02-1","volume":90,"pitch":100,"pan":0}]},{"code":230,"indent":0,"parameters":[180]},{"code":250,"indent":0,"parameters":[{"name":"Mate_Spotlight02-1","volume":90,"pitch":100,"pan":0}]},{"code":284,"indent":0,"parameters":["hall",false,false,0,0]},{"code":230,"indent":0,"parameters":[60]},{"code":122,"indent":0,"parameters":[5,5,0,0,750]},{"code":122,"indent":0,"parameters":[6,6,0,0,500]},{"code":231,"indent":0,"parameters":[1,"banner2",1,1,5,6,100,100,255,0]},{"code":355,"indent":0,"parameters":["$gameScreen.picture(1)._angle = -90;"]},{"code":250,"indent":0,"parameters":[{"name":"Mate_bawn","volume":5,"pitch":100,"pan":100}]},{"code":122,"indent":0,"parameters":[6,6,1,0,50]},{"code":232,"indent":0,"parameters":[1,0,1,1,5,6,20,100,255,0,20,true]},{"code":122,"indent":0,"parameters":[6,6,1,0,20]},{"code":232,"indent":0,"parameters":[1,0,1,1,5,6,10,400,255,0,10,true]},{"code":108,"indent":0,"parameters":["///////////////////////////////////////////////////////"]},{"code":122,"indent":0,"parameters":[5,5,2,0,50]},{"code":122,"indent":0,"parameters":[6,6,2,0,150]},{"code":232,"indent":0,"parameters":[1,0,1,1,5,6,80,100,255,0,10,true]},{"code":122,"indent":0,"parameters":[5,5,2,0,50]},{"code":122,"indent":0,"parameters":[6,6,2,0,50]},{"code":232,"indent":0,"parameters":[1,0,1,1,5,6,150,100,255,0,10,true]},{"code":122,"indent":0,"parameters":[5,5,2,0,20]},{"code":122,"indent":0,"parameters":[6,6,1,0,50]},{"code":232,"indent":0,"parameters":[1,0,1,1,5,6,150,100,255,0,5,true]},{"code":122,"indent":0,"parameters":[5,5,2,0,50]},{"code":122,"indent":0,"parameters":[6,6,1,0,130]},{"code":232,"indent":0,"parameters":[1,0,1,1,5,6,20,100,255,0,20,true]},{"code":250,"indent":0,"parameters":[{"name":"Mate_bawn","volume":15,"pitch":100,"pan":60}]},{"code":122,"indent":0,"parameters":[6,6,1,0,20]},{"code":232,"indent":0,"parameters":[1,0,1,1,5,6,10,400,255,0,10,true]},{"code":108,"indent":0,"parameters":["///////////////////////////////////////////////////////"]},{"code":122,"indent":0,"parameters":[5,5,2,0,50]},{"code":122,"indent":0,"parameters":[6,6,2,0,150]},{"code":232,"indent":0,"parameters":[1,0,1,1,5,6,80,100,255,0,10,true]},{"code":122,"indent":0,"parameters":[5,5,2,0,50]},{"code":122,"indent":0,"parameters":[6,6,2,0,50]},{"code":232,"indent":0,"parameters":[1,0,1,1,5,6,150,100,255,0,10,true]},{"code":122,"indent":0,"parameters":[5,5,2,0,20]},{"code":122,"indent":0,"parameters":[6,6,1,0,50]},{"code":232,"indent":0,"parameters":[1,0,1,1,5,6,150,100,255,0,5,true]},{"code":122,"indent":0,"parameters":[5,5,2,0,50]},{"code":122,"indent":0,"parameters":[6,6,1,0,130]},{"code":232,"indent":0,"parameters":[1,0,1,1,5,6,20,100,255,0,20,true]},{"code":250,"indent":0,"parameters":[{"name":"Mate_bawn","volume":15,"pitch":100,"pan":0}]},{"code":122,"indent":0,"parameters":[6,6,1,0,20]},{"code":232,"indent":0,"parameters":[1,0,1,1,5,6,10,400,255,0,10,true]},{"code":108,"indent":0,"parameters":["///////////////////////////////////////////////////////"]},{"code":122,"indent":0,"parameters":[5,5,2,0,50]},{"code":122,"indent":0,"parameters":[6,6,2,0,150]},{"code":232,"indent":0,"parameters":[1,0,1,1,5,6,80,100,255,0,10,true]},{"code":122,"indent":0,"parameters":[5,5,2,0,50]},{"code":122,"indent":0,"parameters":[6,6,2,0,50]},{"code":232,"indent":0,"parameters":[1,0,1,1,5,6,150,100,255,0,10,true]},{"code":122,"indent":0,"parameters":[5,5,2,0,20]},{"code":122,"indent":0,"parameters":[6,6,1,0,50]},{"code":232,"indent":0,"parameters":[1,0,1,1,5,6,150,100,255,0,5,true]},{"code":122,"indent":0,"parameters":[5,5,2,0,50]},{"code":122,"indent":0,"parameters":[6,6,1,0,130]},{"code":232,"indent":0,"parameters":[1,0,1,1,5,6,20,100,255,0,20,true]},{"code":250,"indent":0,"parameters":[{"name":"Mate_bawn","volume":15,"pitch":100,"pan":-60}]},{"code":122,"indent":0,"parameters":[6,6,1,0,20]},{"code":232,"indent":0,"parameters":[1,0,1,1,5,6,10,400,255,0,10,true]},{"code":108,"indent":0,"parameters":["///////////////////////////////////////////////////////"]},{"code":232,"indent":0,"parameters":[1,0,1,1,5,6,10,600,255,0,3,true]},{"code":250,"indent":0,"parameters":[{"name":"Mate_Motion-Clatter01-1","volume":90,"pitch":100,"pan":0}]},{"code":122,"indent":0,"parameters":[7,7,0,0,0]},{"code":112,"indent":0,"parameters":[]},{"code":122,"indent":1,"parameters":[5,5,1,0,10]},{"code":232,"indent":1,"parameters":[1,0,1,1,5,6,10,600,255,0,1,true]},{"code":122,"indent":1,"parameters":[5,5,2,0,10]},{"code":232,"indent":1,"parameters":[1,0,1,1,5,6,10,600,255,0,1,true]},{"code":122,"indent":1,"parameters":[7,7,1,0,1]},{"code":111,"indent":1,"parameters":[1,7,0,30,1]},{"code":250,"indent":2,"parameters":[{"name":"","volume":90,"pitch":100,"pan":0}]},{"code":113,"indent":2,"parameters":[]},{"code":0,"indent":2,"parameters":[]},{"code":412,"indent":1,"parameters":[]},{"code":0,"indent":1,"parameters":[]},{"code":413,"indent":0,"parameters":[]},{"code":108,"indent":0,"parameters":["///////////////////////////////////////////////////////"]},{"code":250,"indent":0,"parameters":[{"name":"Mate_Motion-Pop30-1","volume":90,"pitch":100,"pan":-60}]},{"code":122,"indent":0,"parameters":[5,5,2,0,100]},{"code":122,"indent":0,"parameters":[6,6,2,0,1000]},{"code":232,"indent":0,"parameters":[1,0,1,1,5,6,200,20,255,0,10,true]},{"code":230,"indent":0,"parameters":[80]},{"code":250,"indent":0,"parameters":[{"name":"Mate_GLSMASH","volume":30,"pitch":110,"pan":-100}]},{"code":225,"indent":0,"parameters":[9,5,20,true]},{"code":230,"indent":0,"parameters":[60]},{"code":108,"indent":0,"parameters":["///////////////////////////////////////////////////////"]},{"code":355,"indent":0,"parameters":["$gameScreen.picture(1)._angle = 80;"]},{"code":122,"indent":0,"parameters":[5,5,1,0,200]},{"code":122,"indent":0,"parameters":[6,6,1,0,1000]},{"code":232,"indent":0,"parameters":[1,0,1,1,5,6,200,20,255,0,10,true]},{"code":250,"indent":0,"parameters":[{"name":"Ice11","volume":30,"pitch":120,"pan":-40}]},{"code":225,"indent":0,"parameters":[9,9,30,true]},{"code":230,"indent":0,"parameters":[30]},{"code":122,"indent":0,"parameters":[8,8,0,0,80]},{"code":112,"indent":0,"parameters":[]},{"code":122,"indent":1,"parameters":[5,5,2,0,5]},{"code":122,"indent":1,"parameters":[8,8,2,0,6]},{"code":232,"indent":1,"parameters":[1,0,1,1,5,6,200,20,255,0,1,false]},{"code":355,"indent":1,"parameters":["$gameScreen.picture(1)._angle = $gameVariables.value(8);"]},{"code":230,"indent":1,"parameters":[1]},{"code":111,"indent":1,"parameters":[1,8,0,0,2]},{"code":122,"indent":2,"parameters":[8,8,0,0,0]},{"code":355,"indent":2,"parameters":["$gameScreen.picture(1)._angle = $gameVariables.value(8);"]},{"code":113,"indent":2,"parameters":[]},{"code":0,"indent":2,"parameters":[]},{"code":412,"indent":1,"parameters":[]},{"code":0,"indent":1,"parameters":[]},{"code":413,"indent":0,"parameters":[]},{"code":250,"indent":0,"parameters":[{"name":"Mate_Motion-Pop10-1","volume":30,"pitch":100,"pan":-40}]},{"code":232,"indent":0,"parameters":[1,0,1,1,5,6,110,100,255,0,2,true]},{"code":230,"indent":0,"parameters":[60]},{"code":108,"indent":0,"parameters":["///////////////////////////////////////////////////////"]},{"code":250,"indent":0,"parameters":[{"name":"Mate_Motion-Pop10-1","volume":30,"pitch":80,"pan":-40}]},{"code":122,"indent":0,"parameters":[5,5,1,0,15]},{"code":232,"indent":0,"parameters":[1,0,1,1,5,6,50,150,255,0,10,true]},{"code":122,"indent":0,"parameters":[5,5,1,0,15]},{"code":232,"indent":0,"parameters":[1,0,1,1,5,6,150,50,255,0,10,true]},{"code":230,"indent":0,"parameters":[30]},{"code":108,"indent":0,"parameters":["///////////////////////////////////////////////////////"]},{"code":250,"indent":0,"parameters":[{"name":"Mate_Motion-Pop10-1","volume":30,"pitch":80,"pan":-40}]},{"code":122,"indent":0,"parameters":[5,5,1,0,15]},{"code":232,"indent":0,"parameters":[1,0,1,1,5,6,50,150,255,0,10,true]},{"code":122,"indent":0,"parameters":[5,5,1,0,15]},{"code":232,"indent":0,"parameters":[1,0,1,1,5,6,150,50,255,0,10,true]},{"code":230,"indent":0,"parameters":[30]},{"code":108,"indent":0,"parameters":["///////////////////////////////////////////////////////"]},{"code":250,"indent":0,"parameters":[{"name":"Mate_Motion-Pop10-1","volume":30,"pitch":80,"pan":-40}]},{"code":122,"indent":0,"parameters":[5,5,1,0,15]},{"code":232,"indent":0,"parameters":[1,0,1,1,5,6,50,150,255,0,10,true]},{"code":122,"indent":0,"parameters":[5,5,1,0,15]},{"code":232,"indent":0,"parameters":[1,0,1,1,5,6,150,50,255,0,10,true]},{"code":108,"indent":0,"parameters":["///////////////////////////////////////////////////////"]},{"code":250,"indent":0,"parameters":[{"name":"Mate_Motion-Pop10-1","volume":30,"pitch":80,"pan":-40}]},{"code":122,"indent":0,"parameters":[5,5,1,0,15]},{"code":232,"indent":0,"parameters":[1,0,1,1,5,6,50,150,255,0,10,true]},{"code":122,"indent":0,"parameters":[5,5,1,0,15]},{"code":232,"indent":0,"parameters":[1,0,1,1,5,6,150,50,255,0,10,true]},{"code":108,"indent":0,"parameters":["///////////////////////////////////////////////////////"]},{"code":250,"indent":0,"parameters":[{"name":"Mate_Motion-Pop10-1","volume":30,"pitch":80,"pan":-40}]},{"code":122,"indent":0,"parameters":[5,5,1,0,15]},{"code":232,"indent":0,"parameters":[1,0,1,1,5,6,50,150,255,0,10,true]},{"code":122,"indent":0,"parameters":[5,5,1,0,15]},{"code":232,"indent":0,"parameters":[1,0,1,1,5,6,150,50,255,0,10,true]},{"code":108,"indent":0,"parameters":["///////////////////////////////////////////////////////"]},{"code":250,"indent":0,"parameters":[{"name":"Mate_Motion-Pop10-1","volume":30,"pitch":80,"pan":-40}]},{"code":122,"indent":0,"parameters":[5,5,1,0,15]},{"code":232,"indent":0,"parameters":[1,0,1,1,5,6,50,150,255,0,10,true]},{"code":122,"indent":0,"parameters":[5,5,1,0,15]},{"code":232,"indent":0,"parameters":[1,0,1,1,5,6,150,50,255,0,10,true]},{"code":108,"indent":0,"parameters":["///////////////////////////////////////////////////////"]},{"code":232,"indent":0,"parameters":[1,0,1,1,5,6,200,20,255,0,10,true]},{"code":250,"indent":0,"parameters":[{"name":"Jump2","volume":90,"pitch":50,"pan":0}]},{"code":122,"indent":0,"parameters":[5,5,0,0,408]},{"code":122,"indent":0,"parameters":[6,6,0,0,312]},{"code":232,"indent":0,"parameters":[1,0,1,1,5,6,50,120,255,0,10,true]},{"code":232,"indent":0,"parameters":[1,0,1,1,5,6,200,200,255,0,10,true]},{"code":230,"indent":0,"parameters":[60]},{"code":249,"indent":0,"parameters":[{"name":"st027","volume":90,"pitch":100,"pan":0}]},{"code":232,"indent":0,"parameters":[10,0,1,0,408,312,200,200,0,0,100,false]},{"code":223,"indent":0,"parameters":[[255,255,255,0],100,true]},{"code":230,"indent":0,"parameters":[190]},{"code":356,"indent":0,"parameters":["D_TEXT 　　 50"]},{"code":356,"indent":0,"parameters":["D_TEXT 　　 50"]},{"code":356,"indent":0,"parameters":["D_TEXT 　　 30"]},{"code":356,"indent":0,"parameters":["D_TEXT 　　 30"]},{"code":356,"indent":0,"parameters":["D_TEXT 　　 30"]},{"code":356,"indent":0,"parameters":["D_TEXT_SETTING BG_COLOR rgba(255,255,255,0.700)"]},{"code":231,"indent":0,"parameters":[2,"",1,0,100,312,100,100,255,0]},{"code":232,"indent":0,"parameters":[2,0,1,0,800,312,100,100,255,0,30,true]},{"code":230,"indent":0,"parameters":[40]},{"code":232,"indent":0,"parameters":[1,0,1,1,5,6,200,200,0,0,60,true]},{"code":235,"indent":0,"parameters":[2]},{"code":235,"indent":0,"parameters":[1]},{"code":201,"indent":0,"parameters":[0,5,0,0,0,2]},{"code":0,"indent":0,"parameters":[]}],"moveFrequency":3,"moveRoute":{"list":[{"code":0,"parameters":[]}],"repeat":true,"skippable":false,"wait":false},"moveSpeed":3,"moveType":0,"priorityType":0,"stepAnime":false,"through":false,"trigger":3,"walkAnime":true}],"x":0,"y":0}
]
}