{
"autoplayBgm":false,"autoplayBgs":false,"battleback1Name":"","battleback2Name":"","bgm":{"name":"","pan":0,"pitch":100,"volume":90},"bgs":{"name":"","pan":0,"pitch":100,"volume":90},"disableDashing":false,"displayName":"","encounterList":[],"encounterStep":30,"height":13,"note":"","parallaxLoopX":false,"parallaxLoopY":false,"parallaxName":"","parallaxShow":true,"parallaxSx":0,"parallaxSy":0,"scrollType":0,"specifyBattleback":false,"tilesetId":1,"width":17,
"data":[0,0,0,0,0,0,0,0,0,0,0,0,0,0,0,0,0,0,0,0,0,0,0,0,0,0,0,0,0,0,0,0,0,0,0,0,0,0,0,0,0,0,0,0,0,0,0,0,0,0,0,0,0,0,0,0,0,0,0,0,0,0,0,0,0,0,0,0,0,0,0,0,0,0,0,0,0,0,0,0,0,0,0,0,0,0,0,0,0,0,0,0,0,0,0,0,0,0,0,0,0,0,0,0,0,0,0,0,0,0,0,0,0,0,0,0,0,0,0,0,0,0,0,0,0,0,0,0,0,0,0,0,0,0,0,0,0,0,0,0,0,0,0,0,0,0,0,0,0,0,0,0,0,0,0,0,0,0,0,0,0,0,0,0,0,0,0,0,0,0,0,0,0,0,0,0,0,0,0,0,0,0,0,0,0,0,0,0,0,0,0,0,0,0,0,0,0,0,0,0,0,0,0,0,0,0,0,0,0,0,0,0,0,0,0,0,0,0,0,0,0,0,0,0,0,0,0,0,0,0,0,0,0,0,0,0,0,0,0,0,0,0,0,0,0,0,0,0,0,0,0,0,0,0,0,0,0,0,0,0,0,0,0,0,0,0,0,0,0,0,0,0,0,0,0,0,0,0,0,0,0,0,0,0,0,0,0,0,0,0,0,0,0,0,0,0,0,0,0,0,0,0,0,0,0,0,0,0,0,0,0,0,0,0,0,0,0,0,0,0,0,0,0,0,0,0,0,0,0,0,0,0,0,0,0,0,0,0,0,0,0,0,0,0,0,0,0,0,0,0,0,0,0,0,0,0,0,0,0,0,0,0,0,0,0,0,0,0,0,0,0,0,0,0,0,0,0,0,0,0,0,0,0,0,0,0,0,0,0,0,0,0,0,0,0,0,0,0,0,0,0,0,0,0,0,0,0,0,0,0,0,0,0,0,0,0,0,0,0,0,0,0,0,0,0,0,0,0,0,0,0,0,0,0,0,0,0,0,0,0,0,0,0,0,0,0,0,0,0,0,0,0,0,0,0,0,0,0,0,0,0,0,0,0,0,0,0,0,0,0,0,0,0,0,0,0,0,0,0,0,0,0,0,0,0,0,0,0,0,0,0,0,0,0,0,0,0,0,0,0,0,0,0,0,0,0,0,0,0,0,0,0,0,0,0,0,0,0,0,0,0,0,0,0,0,0,0,0,0,0,0,0,0,0,0,0,0,0,0,0,0,0,0,0,0,0,0,0,0,0,0,0,0,0,0,0,0,0,0,0,0,0,0,0,0,0,0,0,0,0,0,0,0,0,0,0,0,0,0,0,0,0,0,0,0,0,0,0,0,0,0,0,0,0,0,0,0,0,0,0,0,0,0,0,0,0,0,0,0,0,0,0,0,0,0,0,0,0,0,0,0,0,0,0,0,0,0,0,0,0,0,0,0,0,0,0,0,0,0,0,0,0,0,0,0,0,0,0,0,0,0,0,0,0,0,0,0,0,0,0,0,0,0,0,0,0,0,0,0,0,0,0,0,0,0,0,0,0,0,0,0,0,0,0,0,0,0,0,0,0,0,0,0,0,0,0,0,0,0,0,0,0,0,0,0,0,0,0,0,0,0,0,0,0,0,0,0,0,0,0,0,0,0,0,0,0,0,0,0,0,0,0,0,0,0,0,0,0,0,0,0,0,0,0,0,0,0,0,0,0,0,0,0,0,0,0,0,0,0,0,0,0,0,0,0,0,0,0,0,0,0,0,0,0,0,0,0,0,0,0,0,0,0,0,0,0,0,0,0,0,0,0,0,0,0,0,0,0,0,0,0,0,0,0,0,0,0,0,0,0,0,0,0,0,0,0,0,0,0,0,0,0,0,0,0,0,0,0,0,0,0,0,0,0,0,0,0,0,0,0,0,0,0,0,0,0,0,0,0,0,0,0,0,0,0,0,0,0,0,0,0,0,0,0,0,0,0,0,0,0,0,0,0,0,0,0,0,0,0,0,0,0,0,0,0,0,0,0,0,0,0,0,0,0,0,0,0,0,0,0,0,0,0,0,0,0,0,0,0,0,0,0,0,0,0,0,0,0,0,0,0,0,0,0,0,0,0,0,0,0,0,0,0,0,0,0,0,0,0,0,0,0,0,0,0,0,0,0,0,0,0,0,0,0,0,0,0,0,0,0,0,0,0,0,0,0,0,0,0,0,0,0,0,0,0,0,0,0,0,0,0,0,0,0,0,0,0,0,0,0,0,0,0,0,0,0,0,0,0,0,0,0,0,0,0,0,0,0,0,0,0,0,0,0,0,0,0,0,0,0,0,0,0,0,0,0,0,0,0,0,0,0,0,0,0,0,0,0,0,0,0,0,0,0,0,0,0,0,0,0,0,0,0,0,0,0,0,0,0,0,0,0,0,0,0,0,0,0,0,0,0,0,0,0,0,0,0,0,0,0,0,0,0,0,0,0,0,0,0,0,0,0,0,0,0,0,0,0,0,0,0,0,0,0,0,0,0,0,0,0,0,0,0,0,0,0,0,0,0,0,0,0,0,0,0,0,0,0,0,0,0,0,0,0,0,0,0,0,0,0,0,0,0,0,0,0,0,0,0,0,0,0,0,0,0,0,0,0,0,0,0,0,0,0,0,0,0,0,0,0,0,0,0,0,0,0,0,0,0,0,0,0,0,0,0,0,0,0,0,0,0,0,0,0,0,0,0,0,0,0,0,0,0,0,0,0,0,0,0,0,0,0,0,0,0,0,0,0,0,0,0,0,0,0,0,0,0,0,0,0,0,0,0,0,0,0,0,0,0,0,0,0,0,0,0,0,0,0,0,0,0,0,0,0,0,0,0,0,0,0,0,0,0,0,0,0,0,0,0,0,0,0,0,0,0,0,0,0,0,0,0,0,0,0,0,0,0,0,0,0,0,0,0,0,0,0,0,0,0,0,0,0,0,0,0,0,0,0,0,0,0,0,0,0,0,0,0,0,0,0,0,0,0,0,0,0],
"events":[
null,
{"id":1,"name":"EV001","note":"","pages":[{"conditions":{"actorId":1,"actorValid":false,"itemId":1,"itemValid":false,"selfSwitchCh":"A","selfSwitchValid":false,"switch1Id":1,"switch1Valid":false,"switch2Id":1,"switch2Valid":false,"variableId":1,"variableValid":false,"variableValue":0},"directionFix":false,"image":{"characterIndex":0,"characterName":"","direction":2,"pattern":0,"tileId":0},"list":[{"code":356,"indent":0,"parameters":["フキダシウィンドウ有効化 2"]},{"code":101,"indent":0,"parameters":["Harold",0,0,2]},{"code":401,"indent":0,"parameters":["\\>ハロルド"]},{"code":401,"indent":0,"parameters":["\\>「さて、そろそろお別れの時間だ」"]},{"code":401,"indent":0,"parameters":["\\>"]},{"code":401,"indent":0,"parameters":["\\>"]},{"code":101,"indent":0,"parameters":["Harold",0,0,2]},{"code":401,"indent":0,"parameters":["\\>ハロルド"]},{"code":401,"indent":0,"parameters":["\\>「ニュークリアⅢもゴメスもここにはないので"]},{"code":401,"indent":0,"parameters":["\\>　代わりにＥＤクレジットだよ」"]},{"code":401,"indent":0,"parameters":["\\>　"]},{"code":101,"indent":0,"parameters":["Harold",0,0,2]},{"code":401,"indent":0,"parameters":["\\>ハロルド"]},{"code":401,"indent":0,"parameters":["\\>「さあ、準備はいいかい？」"]},{"code":401,"indent":0,"parameters":["\\>　"]},{"code":118,"indent":0,"parameters":["1"]},{"code":356,"indent":0,"parameters":["D_TEXT \\ow[0]\\f[b]HP \\c[6]∞ 32"]},{"code":231,"indent":0,"parameters":[1,"",1,0,408,600,100,100,255,0]},{"code":356,"indent":0,"parameters":["D_TEXT \\ow[0]\\f[b]\\c[3]CREDIT 32"]},{"code":231,"indent":0,"parameters":[2,"",1,0,408,35,100,100,255,0]},{"code":122,"indent":0,"parameters":[25,25,0,0,408]},{"code":122,"indent":0,"parameters":[26,26,0,0,550]},{"code":231,"indent":0,"parameters":[99,"ED_heart",1,1,25,26,100,100,255,0]},{"code":250,"indent":0,"parameters":[{"name":"Mate_UT_gashi","volume":90,"pitch":100,"pan":0}]},{"code":205,"indent":0,"parameters":[2,{"list":[{"code":42,"parameters":[230],"indent":null},{"code":15,"parameters":[2],"indent":null},{"code":42,"parameters":[210],"indent":null},{"code":15,"parameters":[2],"indent":null},{"code":42,"parameters":[190],"indent":null},{"code":15,"parameters":[2],"indent":null},{"code":42,"parameters":[170],"indent":null},{"code":15,"parameters":[2],"indent":null},{"code":42,"parameters":[150],"indent":null},{"code":15,"parameters":[2],"indent":null},{"code":42,"parameters":[130],"indent":null},{"code":15,"parameters":[2],"indent":null},{"code":42,"parameters":[110],"indent":null},{"code":15,"parameters":[2],"indent":null},{"code":42,"parameters":[90],"indent":null},{"code":15,"parameters":[2],"indent":null},{"code":42,"parameters":[70],"indent":null},{"code":15,"parameters":[2],"indent":null},{"code":42,"parameters":[50],"indent":null},{"code":15,"parameters":[2],"indent":null},{"code":42,"parameters":[30],"indent":null},{"code":15,"parameters":[2],"indent":null},{"code":42,"parameters":[10],"indent":null},{"code":15,"parameters":[2],"indent":null},{"code":42,"parameters":[0],"indent":null},{"code":0}],"repeat":false,"skippable":false,"wait":true}]},{"code":505,"indent":0,"parameters":[{"code":42,"parameters":[230],"indent":null}]},{"code":505,"indent":0,"parameters":[{"code":15,"parameters":[2],"indent":null}]},{"code":505,"indent":0,"parameters":[{"code":42,"parameters":[210],"indent":null}]},{"code":505,"indent":0,"parameters":[{"code":15,"parameters":[2],"indent":null}]},{"code":505,"indent":0,"parameters":[{"code":42,"parameters":[190],"indent":null}]},{"code":505,"indent":0,"parameters":[{"code":15,"parameters":[2],"indent":null}]},{"code":505,"indent":0,"parameters":[{"code":42,"parameters":[170],"indent":null}]},{"code":505,"indent":0,"parameters":[{"code":15,"parameters":[2],"indent":null}]},{"code":505,"indent":0,"parameters":[{"code":42,"parameters":[150],"indent":null}]},{"code":505,"indent":0,"parameters":[{"code":15,"parameters":[2],"indent":null}]},{"code":505,"indent":0,"parameters":[{"code":42,"parameters":[130],"indent":null}]},{"code":505,"indent":0,"parameters":[{"code":15,"parameters":[2],"indent":null}]},{"code":505,"indent":0,"parameters":[{"code":42,"parameters":[110],"indent":null}]},{"code":505,"indent":0,"parameters":[{"code":15,"parameters":[2],"indent":null}]},{"code":505,"indent":0,"parameters":[{"code":42,"parameters":[90],"indent":null}]},{"code":505,"indent":0,"parameters":[{"code":15,"parameters":[2],"indent":null}]},{"code":505,"indent":0,"parameters":[{"code":42,"parameters":[70],"indent":null}]},{"code":505,"indent":0,"parameters":[{"code":15,"parameters":[2],"indent":null}]},{"code":505,"indent":0,"parameters":[{"code":42,"parameters":[50],"indent":null}]},{"code":505,"indent":0,"parameters":[{"code":15,"parameters":[2],"indent":null}]},{"code":505,"indent":0,"parameters":[{"code":42,"parameters":[30],"indent":null}]},{"code":505,"indent":0,"parameters":[{"code":15,"parameters":[2],"indent":null}]},{"code":505,"indent":0,"parameters":[{"code":42,"parameters":[10],"indent":null}]},{"code":505,"indent":0,"parameters":[{"code":15,"parameters":[2],"indent":null}]},{"code":505,"indent":0,"parameters":[{"code":42,"parameters":[0],"indent":null}]},{"code":122,"indent":0,"parameters":[35,35,0,0,0]},{"code":122,"indent":0,"parameters":[31,31,0,0,41]},{"code":122,"indent":0,"parameters":[32,32,0,0,42]},{"code":122,"indent":0,"parameters":[33,33,0,0,43]},{"code":122,"indent":0,"parameters":[34,34,0,0,3]},{"code":122,"indent":0,"parameters":[88,88,0,0,160]},{"code":122,"indent":0,"parameters":[89,89,0,0,20]},{"code":122,"indent":0,"parameters":[90,90,0,0,160]},{"code":122,"indent":0,"parameters":[91,91,0,0,20]},{"code":122,"indent":0,"parameters":[92,92,0,0,160]},{"code":122,"indent":0,"parameters":[93,93,0,0,20]},{"code":122,"indent":0,"parameters":[94,94,0,0,160]},{"code":122,"indent":0,"parameters":[95,95,0,0,20]},{"code":122,"indent":0,"parameters":[96,96,0,0,160]},{"code":122,"indent":0,"parameters":[97,97,0,0,20]},{"code":122,"indent":0,"parameters":[98,98,0,0,160]},{"code":122,"indent":0,"parameters":[99,99,0,0,20]},{"code":249,"indent":0,"parameters":[{"name":"RPGtkoool_Field4_UNDERTALEarrange","volume":90,"pitch":100,"pan":0}]},{"code":122,"indent":0,"parameters":[27,27,1,0,1]},{"code":0,"indent":0,"parameters":[]}],"moveFrequency":3,"moveRoute":{"list":[{"code":0,"parameters":[]}],"repeat":true,"skippable":false,"wait":false},"moveSpeed":3,"moveType":0,"priorityType":0,"stepAnime":false,"through":false,"trigger":3,"walkAnime":true},{"conditions":{"actorId":1,"actorValid":false,"itemId":1,"itemValid":false,"selfSwitchCh":"A","selfSwitchValid":false,"switch1Id":1,"switch1Valid":false,"switch2Id":1,"switch2Valid":false,"variableId":27,"variableValid":true,"variableValue":1},"directionFix":false,"image":{"characterIndex":0,"characterName":"","direction":2,"pattern":0,"tileId":0},"list":[{"code":108,"indent":0,"parameters":["━━━━━━━━━━━━━━━━━━━━━━━━━━━━━"]},{"code":408,"indent":0,"parameters":["時間経過による発生"]},{"code":408,"indent":0,"parameters":["━━━━━━━━━━━━━━━━━━━━━━━━━━━━━"]},{"code":355,"indent":0,"parameters":["$gameVariables._data[27] += 1;"]},{"code":108,"indent":0,"parameters":["-----------------------------------------------------------"]},{"code":111,"indent":0,"parameters":[1,27,0,5,0]},{"code":122,"indent":1,"parameters":[81,81,0,0,0]},{"code":122,"indent":1,"parameters":[41,41,0,0,1]},{"code":122,"indent":1,"parameters":[42,42,0,0,-150]},{"code":122,"indent":1,"parameters":[43,43,0,0,550]},{"code":231,"indent":1,"parameters":[3,"EDcredit1",1,1,42,43,100,100,255,0]},{"code":0,"indent":1,"parameters":[]},{"code":412,"indent":0,"parameters":[]},{"code":108,"indent":0,"parameters":["-----------------------------------------------------------"]},{"code":111,"indent":0,"parameters":[1,27,0,15,0]},{"code":122,"indent":1,"parameters":[82,82,0,0,0]},{"code":122,"indent":1,"parameters":[44,44,0,0,1]},{"code":122,"indent":1,"parameters":[45,45,0,0,-150]},{"code":122,"indent":1,"parameters":[46,46,0,0,450]},{"code":231,"indent":1,"parameters":[4,"EDcredit2",1,1,45,46,100,100,255,0]},{"code":0,"indent":1,"parameters":[]},{"code":412,"indent":0,"parameters":[]},{"code":108,"indent":0,"parameters":["-----------------------------------------------------------"]},{"code":111,"indent":0,"parameters":[1,27,0,25,0]},{"code":122,"indent":1,"parameters":[83,83,0,0,0]},{"code":122,"indent":1,"parameters":[47,47,0,0,1]},{"code":122,"indent":1,"parameters":[48,48,0,0,-150]},{"code":122,"indent":1,"parameters":[49,49,0,0,350]},{"code":231,"indent":1,"parameters":[5,"EDcredit3",1,1,48,49,100,100,255,0]},{"code":0,"indent":1,"parameters":[]},{"code":412,"indent":0,"parameters":[]},{"code":108,"indent":0,"parameters":["-----------------------------------------------------------"]},{"code":111,"indent":0,"parameters":[1,27,0,50,0]},{"code":122,"indent":1,"parameters":[84,84,0,0,0]},{"code":122,"indent":1,"parameters":[50,50,0,0,1]},{"code":122,"indent":1,"parameters":[51,51,0,0,1050]},{"code":122,"indent":1,"parameters":[52,52,0,0,250]},{"code":231,"indent":1,"parameters":[6,"EDcredit4",1,1,51,52,100,100,255,0]},{"code":0,"indent":1,"parameters":[]},{"code":412,"indent":0,"parameters":[]},{"code":108,"indent":0,"parameters":["-----------------------------------------------------------"]},{"code":111,"indent":0,"parameters":[1,27,0,60,0]},{"code":122,"indent":1,"parameters":[85,85,0,0,0]},{"code":122,"indent":1,"parameters":[53,53,0,0,1]},{"code":122,"indent":1,"parameters":[54,54,0,0,1050]},{"code":122,"indent":1,"parameters":[55,55,0,0,150]},{"code":231,"indent":1,"parameters":[7,"EDcredit5",1,1,54,55,100,100,255,0]},{"code":0,"indent":1,"parameters":[]},{"code":412,"indent":0,"parameters":[]},{"code":108,"indent":0,"parameters":["-----------------------------------------------------------"]},{"code":111,"indent":0,"parameters":[1,27,0,70,0]},{"code":122,"indent":1,"parameters":[86,86,0,0,0]},{"code":122,"indent":1,"parameters":[56,56,0,0,1]},{"code":122,"indent":1,"parameters":[57,57,0,0,1050]},{"code":122,"indent":1,"parameters":[58,58,0,0,50]},{"code":231,"indent":1,"parameters":[8,"EDcredit6",1,1,57,58,100,100,255,0]},{"code":0,"indent":1,"parameters":[]},{"code":412,"indent":0,"parameters":[]},{"code":108,"indent":0,"parameters":["-----------------------------------------------------------"]},{"code":111,"indent":0,"parameters":[1,27,0,120,0]},{"code":232,"indent":1,"parameters":[2,0,1,0,408,35,100,100,0,0,60,false]},{"code":0,"indent":1,"parameters":[]},{"code":412,"indent":0,"parameters":[]},{"code":108,"indent":0,"parameters":["-----------------------------------------------------------"]},{"code":111,"indent":0,"parameters":[1,27,0,200,0]},{"code":122,"indent":1,"parameters":[81,81,0,0,1]},{"code":122,"indent":1,"parameters":[41,41,0,0,1]},{"code":122,"indent":1,"parameters":[42,42,0,0,180]},{"code":122,"indent":1,"parameters":[43,43,0,0,-30]},{"code":231,"indent":1,"parameters":[3,"EDcredit7",1,1,42,43,100,100,255,0]},{"code":0,"indent":1,"parameters":[]},{"code":412,"indent":0,"parameters":[]},{"code":108,"indent":0,"parameters":["-----------------------------------------------------------"]},{"code":111,"indent":0,"parameters":[1,27,0,240,0]},{"code":122,"indent":1,"parameters":[82,82,0,0,1]},{"code":122,"indent":1,"parameters":[44,44,0,0,1]},{"code":122,"indent":1,"parameters":[45,45,0,0,480]},{"code":122,"indent":1,"parameters":[46,46,0,0,-30]},{"code":231,"indent":1,"parameters":[4,"EDcredit8",1,1,45,46,100,100,255,0]},{"code":0,"indent":1,"parameters":[]},{"code":412,"indent":0,"parameters":[]},{"code":108,"indent":0,"parameters":["-----------------------------------------------------------"]},{"code":111,"indent":0,"parameters":[1,27,0,280,0]},{"code":122,"indent":1,"parameters":[83,83,0,0,1]},{"code":122,"indent":1,"parameters":[47,47,0,0,1]},{"code":122,"indent":1,"parameters":[48,48,0,0,180]},{"code":122,"indent":1,"parameters":[49,49,0,0,-30]},{"code":231,"indent":1,"parameters":[5,"EDcredit9",1,1,48,49,100,100,255,0]},{"code":0,"indent":1,"parameters":[]},{"code":412,"indent":0,"parameters":[]},{"code":108,"indent":0,"parameters":["-----------------------------------------------------------"]},{"code":111,"indent":0,"parameters":[1,27,0,320,0]},{"code":122,"indent":1,"parameters":[84,84,0,0,1]},{"code":122,"indent":1,"parameters":[50,50,0,0,1]},{"code":122,"indent":1,"parameters":[51,51,0,0,480]},{"code":122,"indent":1,"parameters":[52,52,0,0,-30]},{"code":231,"indent":1,"parameters":[6,"EDcredit10",1,1,51,52,100,100,255,0]},{"code":0,"indent":1,"parameters":[]},{"code":412,"indent":0,"parameters":[]},{"code":108,"indent":0,"parameters":["-----------------------------------------------------------"]},{"code":111,"indent":0,"parameters":[1,27,0,380,0]},{"code":122,"indent":1,"parameters":[85,85,0,0,3]},{"code":122,"indent":1,"parameters":[53,53,0,0,1]},{"code":122,"indent":1,"parameters":[54,54,0,0,-30]},{"code":122,"indent":1,"parameters":[55,55,0,0,-30]},{"code":231,"indent":1,"parameters":[7,"EDcredit11",1,1,54,55,100,100,255,0]},{"code":0,"indent":1,"parameters":[]},{"code":412,"indent":0,"parameters":[]},{"code":108,"indent":0,"parameters":["-----------------------------------------------------------"]},{"code":111,"indent":0,"parameters":[1,27,0,400,0]},{"code":122,"indent":1,"parameters":[86,86,0,0,3]},{"code":122,"indent":1,"parameters":[56,56,0,0,1]},{"code":122,"indent":1,"parameters":[57,57,0,0,840]},{"code":122,"indent":1,"parameters":[58,58,0,0,-30]},{"code":231,"indent":1,"parameters":[8,"EDcredit12",1,1,57,58,100,100,255,0]},{"code":0,"indent":1,"parameters":[]},{"code":412,"indent":0,"parameters":[]},{"code":108,"indent":0,"parameters":["-----------------------------------------------------------"]},{"code":111,"indent":0,"parameters":[1,27,0,430,0]},{"code":122,"indent":1,"parameters":[81,81,0,0,0]},{"code":122,"indent":1,"parameters":[41,41,0,0,1]},{"code":122,"indent":1,"parameters":[42,42,0,0,-150]},{"code":122,"indent":1,"parameters":[43,43,0,0,550]},{"code":231,"indent":1,"parameters":[3,"EDcredit13",1,1,42,43,100,100,255,0]},{"code":0,"indent":1,"parameters":[]},{"code":412,"indent":0,"parameters":[]},{"code":108,"indent":0,"parameters":["-----------------------------------------------------------"]},{"code":111,"indent":0,"parameters":[1,27,0,440,0]},{"code":122,"indent":1,"parameters":[82,82,0,0,0]},{"code":122,"indent":1,"parameters":[44,44,0,0,1]},{"code":122,"indent":1,"parameters":[45,45,0,0,-150]},{"code":122,"indent":1,"parameters":[46,46,0,0,450]},{"code":231,"indent":1,"parameters":[4,"EDcredit14",1,1,45,46,100,100,255,0]},{"code":0,"indent":1,"parameters":[]},{"code":412,"indent":0,"parameters":[]},{"code":108,"indent":0,"parameters":["-----------------------------------------------------------"]},{"code":111,"indent":0,"parameters":[1,27,0,450,0]},{"code":122,"indent":1,"parameters":[83,83,0,0,0]},{"code":122,"indent":1,"parameters":[47,47,0,0,1]},{"code":122,"indent":1,"parameters":[48,48,0,0,-150]},{"code":122,"indent":1,"parameters":[49,49,0,0,350]},{"code":231,"indent":1,"parameters":[5,"EDcredit15",1,1,48,49,100,100,255,0]},{"code":0,"indent":1,"parameters":[]},{"code":412,"indent":0,"parameters":[]},{"code":108,"indent":0,"parameters":["-----------------------------------------------------------"]},{"code":111,"indent":0,"parameters":[1,27,0,460,0]},{"code":122,"indent":1,"parameters":[84,84,0,0,0]},{"code":122,"indent":1,"parameters":[50,50,0,0,1]},{"code":122,"indent":1,"parameters":[51,51,0,0,1050]},{"code":122,"indent":1,"parameters":[52,52,0,0,250]},{"code":231,"indent":1,"parameters":[6,"EDcredit16",1,1,51,52,100,100,255,0]},{"code":0,"indent":1,"parameters":[]},{"code":412,"indent":0,"parameters":[]},{"code":108,"indent":0,"parameters":["-----------------------------------------------------------"]},{"code":111,"indent":0,"parameters":[1,27,0,560,0]},{"code":122,"indent":1,"parameters":[81,81,0,0,4]},{"code":122,"indent":1,"parameters":[41,41,0,0,1]},{"code":122,"indent":1,"parameters":[42,42,0,0,416]},{"code":122,"indent":1,"parameters":[43,43,0,0,-80]},{"code":122,"indent":1,"parameters":[88,88,0,0,320]},{"code":122,"indent":1,"parameters":[89,89,0,0,40]},{"code":231,"indent":1,"parameters":[3,"EDcredit17",1,1,42,43,100,100,255,0]},{"code":0,"indent":1,"parameters":[]},{"code":412,"indent":0,"parameters":[]},{"code":108,"indent":0,"parameters":["-----------------------------------------------------------"]},{"code":111,"indent":0,"parameters":[1,27,0,730,0]},{"code":122,"indent":1,"parameters":[82,82,0,0,2]},{"code":122,"indent":1,"parameters":[44,44,0,0,1]},{"code":122,"indent":1,"parameters":[45,45,0,0,480]},{"code":122,"indent":1,"parameters":[46,46,0,0,-100]},{"code":122,"indent":1,"parameters":[90,90,0,0,70]},{"code":122,"indent":1,"parameters":[91,91,0,0,80]},{"code":231,"indent":1,"parameters":[4,"kedamono2",1,1,45,46,100,100,255,0]},{"code":0,"indent":1,"parameters":[]},{"code":412,"indent":0,"parameters":[]},{"code":108,"indent":0,"parameters":["-----------------------------------------------------------"]},{"code":111,"indent":0,"parameters":[1,27,0,750,0]},{"code":122,"indent":1,"parameters":[83,83,0,0,2]},{"code":122,"indent":1,"parameters":[47,47,0,0,1]},{"code":122,"indent":1,"parameters":[48,48,0,0,180]},{"code":122,"indent":1,"parameters":[49,49,0,0,-100]},{"code":122,"indent":1,"parameters":[92,92,0,0,70]},{"code":122,"indent":1,"parameters":[93,93,0,0,80]},{"code":231,"indent":1,"parameters":[5,"kedamono2",1,1,48,49,100,100,255,0]},{"code":0,"indent":1,"parameters":[]},{"code":412,"indent":0,"parameters":[]},{"code":108,"indent":0,"parameters":["-----------------------------------------------------------"]},{"code":111,"indent":0,"parameters":[1,27,0,770,0]},{"code":122,"indent":1,"parameters":[84,84,0,0,2]},{"code":122,"indent":1,"parameters":[50,50,0,0,1]},{"code":122,"indent":1,"parameters":[51,51,0,0,480]},{"code":122,"indent":1,"parameters":[52,52,0,0,-100]},{"code":122,"indent":1,"parameters":[94,94,0,0,70]},{"code":122,"indent":1,"parameters":[95,95,0,0,80]},{"code":231,"indent":1,"parameters":[6,"kedamono2",1,1,51,52,100,100,255,0]},{"code":0,"indent":1,"parameters":[]},{"code":412,"indent":0,"parameters":[]},{"code":108,"indent":0,"parameters":["-----------------------------------------------------------"]},{"code":111,"indent":0,"parameters":[1,27,0,790,0]},{"code":122,"indent":1,"parameters":[81,81,0,0,2]},{"code":122,"indent":1,"parameters":[41,41,0,0,1]},{"code":122,"indent":1,"parameters":[42,42,0,0,180]},{"code":122,"indent":1,"parameters":[43,43,0,0,-100]},{"code":122,"indent":1,"parameters":[88,88,0,0,70]},{"code":122,"indent":1,"parameters":[89,89,0,0,80]},{"code":231,"indent":1,"parameters":[3,"kedamono2",1,1,42,43,100,100,255,0]},{"code":0,"indent":1,"parameters":[]},{"code":412,"indent":0,"parameters":[]},{"code":108,"indent":0,"parameters":["-----------------------------------------------------------"]},{"code":111,"indent":0,"parameters":[1,27,0,840,0]},{"code":122,"indent":1,"parameters":[82,82,0,0,2]},{"code":122,"indent":1,"parameters":[44,44,0,0,1]},{"code":122,"indent":1,"parameters":[45,45,0,0,480]},{"code":122,"indent":1,"parameters":[46,46,0,0,-100]},{"code":231,"indent":1,"parameters":[4,"kedamono2",1,1,45,46,100,100,255,0]},{"code":0,"indent":1,"parameters":[]},{"code":412,"indent":0,"parameters":[]},{"code":108,"indent":0,"parameters":["-----------------------------------------------------------"]},{"code":111,"indent":0,"parameters":[1,27,0,860,0]},{"code":122,"indent":1,"parameters":[83,83,0,0,2]},{"code":122,"indent":1,"parameters":[47,47,0,0,1]},{"code":122,"indent":1,"parameters":[48,48,0,0,180]},{"code":122,"indent":1,"parameters":[49,49,0,0,-100]},{"code":231,"indent":1,"parameters":[5,"kedamono2",1,1,48,49,100,100,255,0]},{"code":0,"indent":1,"parameters":[]},{"code":412,"indent":0,"parameters":[]},{"code":108,"indent":0,"parameters":["-----------------------------------------------------------"]},{"code":111,"indent":0,"parameters":[1,27,0,880,0]},{"code":122,"indent":1,"parameters":[84,84,0,0,2]},{"code":122,"indent":1,"parameters":[50,50,0,0,1]},{"code":122,"indent":1,"parameters":[51,51,0,0,480]},{"code":122,"indent":1,"parameters":[52,52,0,0,-100]},{"code":231,"indent":1,"parameters":[6,"kedamono2",1,1,51,52,100,100,255,0]},{"code":0,"indent":1,"parameters":[]},{"code":412,"indent":0,"parameters":[]},{"code":108,"indent":0,"parameters":["-----------------------------------------------------------"]},{"code":111,"indent":0,"parameters":[1,27,0,900,0]},{"code":122,"indent":1,"parameters":[81,81,0,0,2]},{"code":122,"indent":1,"parameters":[41,41,0,0,1]},{"code":122,"indent":1,"parameters":[42,42,0,0,180]},{"code":122,"indent":1,"parameters":[43,43,0,0,-100]},{"code":231,"indent":1,"parameters":[3,"kedamono2",1,1,42,43,100,100,255,0]},{"code":0,"indent":1,"parameters":[]},{"code":412,"indent":0,"parameters":[]},{"code":108,"indent":0,"parameters":["-----------------------------------------------------------"]},{"code":111,"indent":0,"parameters":[1,27,0,970,0]},{"code":122,"indent":1,"parameters":[81,81,0,0,0]},{"code":122,"indent":1,"parameters":[41,41,0,0,1]},{"code":122,"indent":1,"parameters":[42,42,0,0,-400]},{"code":122,"indent":1,"parameters":[43,43,0,0,550]},{"code":122,"indent":1,"parameters":[88,88,0,0,115]},{"code":122,"indent":1,"parameters":[89,89,0,0,100]},{"code":231,"indent":1,"parameters":[3,"yukkuri",1,1,42,43,100,100,255,0]},{"code":0,"indent":1,"parameters":[]},{"code":412,"indent":0,"parameters":[]},{"code":108,"indent":0,"parameters":["-----------------------------------------------------------"]},{"code":111,"indent":0,"parameters":[1,27,0,980,0]},{"code":122,"indent":1,"parameters":[82,82,0,0,0]},{"code":122,"indent":1,"parameters":[44,44,0,0,1]},{"code":122,"indent":1,"parameters":[45,45,0,0,-400]},{"code":122,"indent":1,"parameters":[46,46,0,0,450]},{"code":122,"indent":1,"parameters":[90,90,0,0,115]},{"code":122,"indent":1,"parameters":[91,91,0,0,100]},{"code":231,"indent":1,"parameters":[4,"yukkuri",1,1,45,46,100,100,255,0]},{"code":0,"indent":1,"parameters":[]},{"code":412,"indent":0,"parameters":[]},{"code":108,"indent":0,"parameters":["-----------------------------------------------------------"]},{"code":111,"indent":0,"parameters":[1,27,0,990,0]},{"code":122,"indent":1,"parameters":[83,83,0,0,0]},{"code":122,"indent":1,"parameters":[47,47,0,0,1]},{"code":122,"indent":1,"parameters":[48,48,0,0,-400]},{"code":122,"indent":1,"parameters":[49,49,0,0,350]},{"code":122,"indent":1,"parameters":[92,92,0,0,115]},{"code":122,"indent":1,"parameters":[93,93,0,0,100]},{"code":231,"indent":1,"parameters":[5,"yukkuri",1,1,48,49,100,100,255,0]},{"code":0,"indent":1,"parameters":[]},{"code":412,"indent":0,"parameters":[]},{"code":108,"indent":0,"parameters":["-----------------------------------------------------------"]},{"code":111,"indent":0,"parameters":[1,27,0,970,0]},{"code":122,"indent":1,"parameters":[84,84,0,0,0]},{"code":122,"indent":1,"parameters":[50,50,0,0,1]},{"code":122,"indent":1,"parameters":[51,51,0,0,1300]},{"code":122,"indent":1,"parameters":[52,52,0,0,250]},{"code":122,"indent":1,"parameters":[94,94,0,0,70]},{"code":122,"indent":1,"parameters":[95,95,0,0,70]},{"code":231,"indent":1,"parameters":[6,"pic_Actor3",1,1,51,52,100,100,255,0]},{"code":0,"indent":1,"parameters":[]},{"code":412,"indent":0,"parameters":[]},{"code":108,"indent":0,"parameters":["-----------------------------------------------------------"]},{"code":111,"indent":0,"parameters":[1,27,0,980,0]},{"code":122,"indent":1,"parameters":[85,85,0,0,0]},{"code":122,"indent":1,"parameters":[53,53,0,0,1]},{"code":122,"indent":1,"parameters":[54,54,0,0,1300]},{"code":122,"indent":1,"parameters":[55,55,0,0,150]},{"code":122,"indent":1,"parameters":[96,96,0,0,70]},{"code":122,"indent":1,"parameters":[97,97,0,0,70]},{"code":231,"indent":1,"parameters":[7,"pic_Actor3",1,1,54,55,100,100,255,0]},{"code":0,"indent":1,"parameters":[]},{"code":412,"indent":0,"parameters":[]},{"code":108,"indent":0,"parameters":["-----------------------------------------------------------"]},{"code":111,"indent":0,"parameters":[1,27,0,990,0]},{"code":122,"indent":1,"parameters":[86,86,0,0,0]},{"code":122,"indent":1,"parameters":[56,56,0,0,1]},{"code":122,"indent":1,"parameters":[57,57,0,0,1300]},{"code":122,"indent":1,"parameters":[58,58,0,0,50]},{"code":122,"indent":1,"parameters":[98,98,0,0,70]},{"code":122,"indent":1,"parameters":[99,99,0,0,70]},{"code":231,"indent":1,"parameters":[8,"pic_Actor3",1,1,57,58,100,100,255,0]},{"code":0,"indent":1,"parameters":[]},{"code":412,"indent":0,"parameters":[]},{"code":108,"indent":0,"parameters":["-----------------------------------------------------------"]},{"code":111,"indent":0,"parameters":[1,27,0,1150,0]},{"code":122,"indent":1,"parameters":[81,81,0,0,0]},{"code":122,"indent":1,"parameters":[41,41,0,0,1]},{"code":122,"indent":1,"parameters":[42,42,0,0,-400]},{"code":122,"indent":1,"parameters":[43,43,0,0,550]},{"code":231,"indent":1,"parameters":[3,"yukkuri",1,1,42,43,100,100,255,0]},{"code":0,"indent":1,"parameters":[]},{"code":412,"indent":0,"parameters":[]},{"code":108,"indent":0,"parameters":["-----------------------------------------------------------"]},{"code":111,"indent":0,"parameters":[1,27,0,1140,0]},{"code":122,"indent":1,"parameters":[82,82,0,0,0]},{"code":122,"indent":1,"parameters":[44,44,0,0,1]},{"code":122,"indent":1,"parameters":[45,45,0,0,-400]},{"code":122,"indent":1,"parameters":[46,46,0,0,450]},{"code":231,"indent":1,"parameters":[4,"yukkuri",1,1,45,46,100,100,255,0]},{"code":0,"indent":1,"parameters":[]},{"code":412,"indent":0,"parameters":[]},{"code":108,"indent":0,"parameters":["-----------------------------------------------------------"]},{"code":111,"indent":0,"parameters":[1,27,0,1130,0]},{"code":122,"indent":1,"parameters":[83,83,0,0,0]},{"code":122,"indent":1,"parameters":[47,47,0,0,1]},{"code":122,"indent":1,"parameters":[48,48,0,0,-400]},{"code":122,"indent":1,"parameters":[49,49,0,0,350]},{"code":231,"indent":1,"parameters":[5,"yukkuri",1,1,48,49,100,100,255,0]},{"code":0,"indent":1,"parameters":[]},{"code":412,"indent":0,"parameters":[]},{"code":108,"indent":0,"parameters":["-----------------------------------------------------------"]},{"code":111,"indent":0,"parameters":[1,27,0,1150,0]},{"code":122,"indent":1,"parameters":[84,84,0,0,0]},{"code":122,"indent":1,"parameters":[50,50,0,0,1]},{"code":122,"indent":1,"parameters":[51,51,0,0,1300]},{"code":122,"indent":1,"parameters":[52,52,0,0,250]},{"code":231,"indent":1,"parameters":[6,"pic_Actor3",1,1,51,52,100,100,255,0]},{"code":0,"indent":1,"parameters":[]},{"code":412,"indent":0,"parameters":[]},{"code":108,"indent":0,"parameters":["-----------------------------------------------------------"]},{"code":111,"indent":0,"parameters":[1,27,0,1140,0]},{"code":122,"indent":1,"parameters":[85,85,0,0,0]},{"code":122,"indent":1,"parameters":[53,53,0,0,1]},{"code":122,"indent":1,"parameters":[54,54,0,0,1300]},{"code":122,"indent":1,"parameters":[55,55,0,0,150]},{"code":231,"indent":1,"parameters":[7,"pic_Actor3",1,1,54,55,100,100,255,0]},{"code":0,"indent":1,"parameters":[]},{"code":412,"indent":0,"parameters":[]},{"code":108,"indent":0,"parameters":["-----------------------------------------------------------"]},{"code":111,"indent":0,"parameters":[1,27,0,1130,0]},{"code":122,"indent":1,"parameters":[86,86,0,0,0]},{"code":122,"indent":1,"parameters":[56,56,0,0,1]},{"code":122,"indent":1,"parameters":[57,57,0,0,1300]},{"code":122,"indent":1,"parameters":[58,58,0,0,50]},{"code":231,"indent":1,"parameters":[8,"pic_Actor3",1,1,57,58,100,100,255,0]},{"code":0,"indent":1,"parameters":[]},{"code":412,"indent":0,"parameters":[]},{"code":108,"indent":0,"parameters":["-----------------------------------------------------------"]},{"code":111,"indent":0,"parameters":[1,27,0,1300,0]},{"code":122,"indent":1,"parameters":[85,85,0,0,3]},{"code":122,"indent":1,"parameters":[53,53,0,0,1]},{"code":122,"indent":1,"parameters":[54,54,0,0,-30]},{"code":122,"indent":1,"parameters":[55,55,0,0,-30]},{"code":122,"indent":1,"parameters":[96,96,0,0,90]},{"code":122,"indent":1,"parameters":[97,97,0,0,120]},{"code":231,"indent":1,"parameters":[7,"Actor1_body",1,1,54,55,100,100,255,0]},{"code":0,"indent":1,"parameters":[]},{"code":412,"indent":0,"parameters":[]},{"code":108,"indent":0,"parameters":["-----------------------------------------------------------"]},{"code":111,"indent":0,"parameters":[1,27,0,1320,0]},{"code":122,"indent":1,"parameters":[86,86,0,0,3]},{"code":122,"indent":1,"parameters":[56,56,0,0,1]},{"code":122,"indent":1,"parameters":[57,57,0,0,840]},{"code":122,"indent":1,"parameters":[58,58,0,0,-30]},{"code":122,"indent":1,"parameters":[98,98,0,0,90]},{"code":122,"indent":1,"parameters":[99,99,0,0,120]},{"code":231,"indent":1,"parameters":[8,"Actor1_body",1,1,57,58,100,100,255,0]},{"code":0,"indent":1,"parameters":[]},{"code":412,"indent":0,"parameters":[]},{"code":108,"indent":0,"parameters":["-----------------------------------------------------------"]},{"code":111,"indent":0,"parameters":[1,27,0,1400,0]},{"code":122,"indent":1,"parameters":[41,41,0,0,0]},{"code":122,"indent":1,"parameters":[44,44,0,0,0]},{"code":122,"indent":1,"parameters":[47,47,0,0,0]},{"code":122,"indent":1,"parameters":[50,50,0,0,0]},{"code":122,"indent":1,"parameters":[53,53,0,0,0]},{"code":122,"indent":1,"parameters":[56,56,0,0,0]},{"code":111,"indent":1,"parameters":[1,36,0,0,0]},{"code":356,"indent":2,"parameters":["D_TEXT \\ow[0]\\f[b]\\c[6]当たった回数：\\v[36]回 32"]},{"code":356,"indent":2,"parameters":["D_TEXT \\ow[0]\\f[b]\\c[6]おみごと！ 32"]},{"code":0,"indent":2,"parameters":[]},{"code":411,"indent":1,"parameters":[]},{"code":356,"indent":2,"parameters":["D_TEXT \\ow[0]\\f[b]\\c[6]当たった回数：\\v[36]回 32"]},{"code":0,"indent":2,"parameters":[]},{"code":412,"indent":1,"parameters":[]},{"code":231,"indent":1,"parameters":[49,"",1,0,408,400,100,100,0,0]},{"code":232,"indent":1,"parameters":[49,0,1,0,408,312,100,100,255,0,200,true]},{"code":0,"indent":1,"parameters":[]},{"code":412,"indent":0,"parameters":[]},{"code":108,"indent":0,"parameters":["-----------------------------------------------------------"]},{"code":111,"indent":0,"parameters":[1,27,0,1500,0]},{"code":232,"indent":1,"parameters":[49,0,1,0,408,600,100,100,0,0,100,false]},{"code":231,"indent":1,"parameters":[50,"EDcredit18",1,0,408,880,100,100,0,0]},{"code":232,"indent":1,"parameters":[50,0,1,0,408,312,100,100,255,0,400,true]},{"code":0,"indent":1,"parameters":[]},{"code":412,"indent":0,"parameters":[]},{"code":108,"indent":0,"parameters":["-----------------------------------------------------------"]},{"code":111,"indent":0,"parameters":[1,27,0,1650,0]},{"code":232,"indent":1,"parameters":[50,0,1,0,408,0,100,100,0,0,400,false]},{"code":0,"indent":1,"parameters":[]},{"code":412,"indent":0,"parameters":[]},{"code":108,"indent":0,"parameters":["-----------------------------------------------------------"]},{"code":111,"indent":0,"parameters":[1,27,0,1900,0]},{"code":122,"indent":1,"parameters":[27,27,0,0,99999999]},{"code":0,"indent":1,"parameters":[]},{"code":412,"indent":0,"parameters":[]},{"code":108,"indent":0,"parameters":["-----------------------------------------------------------"]},{"code":108,"indent":0,"parameters":["━━━━━━━━━━━━━━━━━━━━━━━━━━━━━"]},{"code":408,"indent":0,"parameters":["pic移動"]},{"code":408,"indent":0,"parameters":["━━━━━━━━━━━━━━━━━━━━━━━━━━━━━"]},{"code":118,"indent":0,"parameters":["pic移動判定"]},{"code":108,"indent":0,"parameters":["━━━━━━━━━━━━━━━━━━━━━━━━━━━━━"]},{"code":112,"indent":0,"parameters":[]},{"code":111,"indent":1,"parameters":[1,41,0,0,0]},{"code":113,"indent":2,"parameters":[]},{"code":0,"indent":2,"parameters":[]},{"code":412,"indent":1,"parameters":[]},{"code":108,"indent":1,"parameters":["====================================================="]},{"code":408,"indent":1,"parameters":["→　停止　→"]},{"code":408,"indent":1,"parameters":["====================================================="]},{"code":111,"indent":1,"parameters":[1,81,0,0,0]},{"code":108,"indent":2,"parameters":["----------------------"]},{"code":408,"indent":2,"parameters":["一定位置で停止"]},{"code":408,"indent":2,"parameters":["----------------------"]},{"code":111,"indent":2,"parameters":[1,41,0,60,4]},{"code":111,"indent":3,"parameters":[1,42,0,190,1]},{"code":122,"indent":4,"parameters":[41,41,1,0,1]},{"code":113,"indent":4,"parameters":[]},{"code":0,"indent":4,"parameters":[]},{"code":412,"indent":3,"parameters":[]},{"code":0,"indent":3,"parameters":[]},{"code":412,"indent":2,"parameters":[]},{"code":108,"indent":2,"parameters":["----------------------"]},{"code":408,"indent":2,"parameters":["基本移動"]},{"code":408,"indent":2,"parameters":["----------------------"]},{"code":122,"indent":2,"parameters":[42,42,1,0,20]},{"code":0,"indent":2,"parameters":[]},{"code":412,"indent":1,"parameters":[]},{"code":108,"indent":1,"parameters":["====================================================="]},{"code":408,"indent":1,"parameters":["↓　ジグザグ"]},{"code":408,"indent":1,"parameters":["====================================================="]},{"code":111,"indent":1,"parameters":[1,81,0,1,1]},{"code":111,"indent":2,"parameters":[1,81,0,2,2]},{"code":122,"indent":3,"parameters":[43,43,1,0,10]},{"code":122,"indent":3,"parameters":[35,35,0,1,43]},{"code":122,"indent":3,"parameters":[35,35,5,0,2]},{"code":111,"indent":3,"parameters":[1,35,0,0,0]},{"code":111,"indent":4,"parameters":[1,81,0,1,0]},{"code":122,"indent":5,"parameters":[42,42,1,0,10]},{"code":111,"indent":5,"parameters":[1,42,0,300,1]},{"code":122,"indent":6,"parameters":[81,81,0,0,2]},{"code":0,"indent":6,"parameters":[]},{"code":412,"indent":5,"parameters":[]},{"code":0,"indent":5,"parameters":[]},{"code":411,"indent":4,"parameters":[]},{"code":122,"indent":5,"parameters":[42,42,2,0,10]},{"code":111,"indent":5,"parameters":[1,42,0,180,2]},{"code":122,"indent":6,"parameters":[81,81,0,0,1]},{"code":0,"indent":6,"parameters":[]},{"code":412,"indent":5,"parameters":[]},{"code":0,"indent":5,"parameters":[]},{"code":412,"indent":4,"parameters":[]},{"code":0,"indent":4,"parameters":[]},{"code":412,"indent":3,"parameters":[]},{"code":0,"indent":3,"parameters":[]},{"code":412,"indent":2,"parameters":[]},{"code":0,"indent":2,"parameters":[]},{"code":412,"indent":1,"parameters":[]},{"code":108,"indent":1,"parameters":["====================================================="]},{"code":408,"indent":1,"parameters":["↓"]},{"code":408,"indent":1,"parameters":["====================================================="]},{"code":111,"indent":1,"parameters":[1,81,0,4,0]},{"code":122,"indent":2,"parameters":[43,43,1,0,5]},{"code":0,"indent":2,"parameters":[]},{"code":412,"indent":1,"parameters":[]},{"code":113,"indent":1,"parameters":[]},{"code":0,"indent":1,"parameters":[]},{"code":413,"indent":0,"parameters":[]},{"code":108,"indent":0,"parameters":["━━━━━━━━━━━━━━━━━━━━━━━━━━━━━"]},{"code":112,"indent":0,"parameters":[]},{"code":111,"indent":1,"parameters":[1,44,0,0,0]},{"code":113,"indent":2,"parameters":[]},{"code":0,"indent":2,"parameters":[]},{"code":412,"indent":1,"parameters":[]},{"code":108,"indent":1,"parameters":["====================================================="]},{"code":408,"indent":1,"parameters":["→　停止　→"]},{"code":408,"indent":1,"parameters":["====================================================="]},{"code":111,"indent":1,"parameters":[1,82,0,0,0]},{"code":108,"indent":2,"parameters":["----------------------"]},{"code":408,"indent":2,"parameters":["一定位置で停止"]},{"code":408,"indent":2,"parameters":["----------------------"]},{"code":111,"indent":2,"parameters":[1,44,0,60,4]},{"code":111,"indent":3,"parameters":[1,45,0,190,1]},{"code":122,"indent":4,"parameters":[44,44,1,0,1]},{"code":113,"indent":4,"parameters":[]},{"code":0,"indent":4,"parameters":[]},{"code":412,"indent":3,"parameters":[]},{"code":0,"indent":3,"parameters":[]},{"code":412,"indent":2,"parameters":[]},{"code":108,"indent":2,"parameters":["----------------------"]},{"code":408,"indent":2,"parameters":["基本移動"]},{"code":408,"indent":2,"parameters":["----------------------"]},{"code":122,"indent":2,"parameters":[45,45,1,0,20]},{"code":0,"indent":2,"parameters":[]},{"code":412,"indent":1,"parameters":[]},{"code":108,"indent":1,"parameters":["====================================================="]},{"code":408,"indent":1,"parameters":["↓　ジグザグ"]},{"code":408,"indent":1,"parameters":["====================================================="]},{"code":111,"indent":1,"parameters":[1,82,0,1,1]},{"code":111,"indent":2,"parameters":[1,82,0,2,2]},{"code":122,"indent":3,"parameters":[46,46,1,0,10]},{"code":122,"indent":3,"parameters":[35,35,0,1,46]},{"code":122,"indent":3,"parameters":[35,35,5,0,2]},{"code":111,"indent":3,"parameters":[1,35,0,0,0]},{"code":111,"indent":4,"parameters":[1,82,0,1,0]},{"code":122,"indent":5,"parameters":[45,45,1,0,10]},{"code":111,"indent":5,"parameters":[1,45,0,680,1]},{"code":122,"indent":6,"parameters":[82,82,0,0,2]},{"code":0,"indent":6,"parameters":[]},{"code":412,"indent":5,"parameters":[]},{"code":0,"indent":5,"parameters":[]},{"code":411,"indent":4,"parameters":[]},{"code":122,"indent":5,"parameters":[45,45,2,0,10]},{"code":111,"indent":5,"parameters":[1,45,0,480,2]},{"code":122,"indent":6,"parameters":[82,82,0,0,1]},{"code":0,"indent":6,"parameters":[]},{"code":412,"indent":5,"parameters":[]},{"code":0,"indent":5,"parameters":[]},{"code":412,"indent":4,"parameters":[]},{"code":0,"indent":4,"parameters":[]},{"code":412,"indent":3,"parameters":[]},{"code":0,"indent":3,"parameters":[]},{"code":412,"indent":2,"parameters":[]},{"code":0,"indent":2,"parameters":[]},{"code":412,"indent":1,"parameters":[]},{"code":113,"indent":1,"parameters":[]},{"code":0,"indent":1,"parameters":[]},{"code":413,"indent":0,"parameters":[]},{"code":108,"indent":0,"parameters":["━━━━━━━━━━━━━━━━━━━━━━━━━━━━━"]},{"code":112,"indent":0,"parameters":[]},{"code":111,"indent":1,"parameters":[1,47,0,0,0]},{"code":113,"indent":2,"parameters":[]},{"code":0,"indent":2,"parameters":[]},{"code":412,"indent":1,"parameters":[]},{"code":108,"indent":1,"parameters":["====================================================="]},{"code":408,"indent":1,"parameters":["→　停止　→"]},{"code":408,"indent":1,"parameters":["====================================================="]},{"code":111,"indent":1,"parameters":[1,83,0,0,0]},{"code":108,"indent":2,"parameters":["----------------------"]},{"code":408,"indent":2,"parameters":["一定位置で停止"]},{"code":408,"indent":2,"parameters":["----------------------"]},{"code":111,"indent":2,"parameters":[1,47,0,60,4]},{"code":111,"indent":3,"parameters":[1,48,0,190,1]},{"code":122,"indent":4,"parameters":[47,47,1,0,1]},{"code":113,"indent":4,"parameters":[]},{"code":0,"indent":4,"parameters":[]},{"code":412,"indent":3,"parameters":[]},{"code":0,"indent":3,"parameters":[]},{"code":412,"indent":2,"parameters":[]},{"code":108,"indent":2,"parameters":["----------------------"]},{"code":408,"indent":2,"parameters":["基本移動"]},{"code":408,"indent":2,"parameters":["----------------------"]},{"code":122,"indent":2,"parameters":[48,48,1,0,20]},{"code":0,"indent":2,"parameters":[]},{"code":412,"indent":1,"parameters":[]},{"code":108,"indent":1,"parameters":["====================================================="]},{"code":408,"indent":1,"parameters":["↓　ジグザグ"]},{"code":408,"indent":1,"parameters":["====================================================="]},{"code":111,"indent":1,"parameters":[1,83,0,1,1]},{"code":111,"indent":2,"parameters":[1,83,0,2,2]},{"code":122,"indent":3,"parameters":[49,49,1,0,10]},{"code":122,"indent":3,"parameters":[35,35,0,1,49]},{"code":122,"indent":3,"parameters":[35,35,5,0,2]},{"code":111,"indent":3,"parameters":[1,35,0,0,0]},{"code":111,"indent":4,"parameters":[1,83,0,1,0]},{"code":122,"indent":5,"parameters":[48,48,1,0,10]},{"code":111,"indent":5,"parameters":[1,48,0,300,1]},{"code":122,"indent":6,"parameters":[83,83,0,0,2]},{"code":0,"indent":6,"parameters":[]},{"code":412,"indent":5,"parameters":[]},{"code":0,"indent":5,"parameters":[]},{"code":411,"indent":4,"parameters":[]},{"code":122,"indent":5,"parameters":[48,48,2,0,10]},{"code":111,"indent":5,"parameters":[1,48,0,180,2]},{"code":122,"indent":6,"parameters":[83,83,0,0,1]},{"code":0,"indent":6,"parameters":[]},{"code":412,"indent":5,"parameters":[]},{"code":0,"indent":5,"parameters":[]},{"code":412,"indent":4,"parameters":[]},{"code":0,"indent":4,"parameters":[]},{"code":412,"indent":3,"parameters":[]},{"code":0,"indent":3,"parameters":[]},{"code":412,"indent":2,"parameters":[]},{"code":0,"indent":2,"parameters":[]},{"code":412,"indent":1,"parameters":[]},{"code":113,"indent":1,"parameters":[]},{"code":0,"indent":1,"parameters":[]},{"code":413,"indent":0,"parameters":[]},{"code":108,"indent":0,"parameters":["━━━━━━━━━━━━━━━━━━━━━━━━━━━━━"]},{"code":112,"indent":0,"parameters":[]},{"code":111,"indent":1,"parameters":[1,50,0,0,0]},{"code":113,"indent":2,"parameters":[]},{"code":0,"indent":2,"parameters":[]},{"code":412,"indent":1,"parameters":[]},{"code":108,"indent":1,"parameters":["====================================================="]},{"code":408,"indent":1,"parameters":["←　停止　←"]},{"code":408,"indent":1,"parameters":["====================================================="]},{"code":111,"indent":1,"parameters":[1,84,0,0,0]},{"code":108,"indent":2,"parameters":["----------------------"]},{"code":408,"indent":2,"parameters":["一定位置で停止"]},{"code":408,"indent":2,"parameters":["----------------------"]},{"code":111,"indent":2,"parameters":[1,50,0,60,4]},{"code":111,"indent":3,"parameters":[1,51,0,650,2]},{"code":122,"indent":4,"parameters":[50,50,1,0,1]},{"code":113,"indent":4,"parameters":[]},{"code":0,"indent":4,"parameters":[]},{"code":412,"indent":3,"parameters":[]},{"code":0,"indent":3,"parameters":[]},{"code":412,"indent":2,"parameters":[]},{"code":108,"indent":2,"parameters":["----------------------"]},{"code":408,"indent":2,"parameters":["基本移動"]},{"code":408,"indent":2,"parameters":["----------------------"]},{"code":122,"indent":2,"parameters":[51,51,2,0,20]},{"code":0,"indent":2,"parameters":[]},{"code":412,"indent":1,"parameters":[]},{"code":108,"indent":1,"parameters":["====================================================="]},{"code":408,"indent":1,"parameters":["↓　ジグザグ"]},{"code":408,"indent":1,"parameters":["====================================================="]},{"code":111,"indent":1,"parameters":[1,84,0,1,1]},{"code":111,"indent":2,"parameters":[1,84,0,2,2]},{"code":122,"indent":3,"parameters":[52,52,1,0,10]},{"code":122,"indent":3,"parameters":[35,35,0,1,52]},{"code":122,"indent":3,"parameters":[35,35,5,0,2]},{"code":111,"indent":3,"parameters":[1,35,0,0,0]},{"code":111,"indent":4,"parameters":[1,84,0,1,0]},{"code":122,"indent":5,"parameters":[51,51,1,0,10]},{"code":111,"indent":5,"parameters":[1,51,0,680,1]},{"code":122,"indent":6,"parameters":[84,84,0,0,2]},{"code":0,"indent":6,"parameters":[]},{"code":412,"indent":5,"parameters":[]},{"code":0,"indent":5,"parameters":[]},{"code":411,"indent":4,"parameters":[]},{"code":122,"indent":5,"parameters":[51,51,2,0,10]},{"code":111,"indent":5,"parameters":[1,51,0,480,2]},{"code":122,"indent":6,"parameters":[84,84,0,0,1]},{"code":0,"indent":6,"parameters":[]},{"code":412,"indent":5,"parameters":[]},{"code":0,"indent":5,"parameters":[]},{"code":412,"indent":4,"parameters":[]},{"code":0,"indent":4,"parameters":[]},{"code":412,"indent":3,"parameters":[]},{"code":0,"indent":3,"parameters":[]},{"code":412,"indent":2,"parameters":[]},{"code":0,"indent":2,"parameters":[]},{"code":412,"indent":1,"parameters":[]},{"code":113,"indent":1,"parameters":[]},{"code":0,"indent":1,"parameters":[]},{"code":413,"indent":0,"parameters":[]},{"code":108,"indent":0,"parameters":["━━━━━━━━━━━━━━━━━━━━━━━━━━━━━"]},{"code":112,"indent":0,"parameters":[]},{"code":111,"indent":1,"parameters":[1,53,0,0,0]},{"code":113,"indent":2,"parameters":[]},{"code":0,"indent":2,"parameters":[]},{"code":412,"indent":1,"parameters":[]},{"code":108,"indent":1,"parameters":["====================================================="]},{"code":408,"indent":1,"parameters":["←　停止　←"]},{"code":408,"indent":1,"parameters":["====================================================="]},{"code":111,"indent":1,"parameters":[1,85,0,0,0]},{"code":108,"indent":2,"parameters":["----------------------"]},{"code":408,"indent":2,"parameters":["一定位置で停止"]},{"code":408,"indent":2,"parameters":["----------------------"]},{"code":111,"indent":2,"parameters":[1,53,0,60,4]},{"code":111,"indent":3,"parameters":[1,54,0,650,2]},{"code":122,"indent":4,"parameters":[53,53,1,0,1]},{"code":113,"indent":4,"parameters":[]},{"code":0,"indent":4,"parameters":[]},{"code":412,"indent":3,"parameters":[]},{"code":0,"indent":3,"parameters":[]},{"code":412,"indent":2,"parameters":[]},{"code":108,"indent":2,"parameters":["----------------------"]},{"code":408,"indent":2,"parameters":["基本移動"]},{"code":408,"indent":2,"parameters":["----------------------"]},{"code":122,"indent":2,"parameters":[54,54,2,0,20]},{"code":0,"indent":2,"parameters":[]},{"code":412,"indent":1,"parameters":[]},{"code":108,"indent":1,"parameters":["====================================================="]},{"code":408,"indent":1,"parameters":["右下"]},{"code":408,"indent":1,"parameters":["====================================================="]},{"code":111,"indent":1,"parameters":[1,85,0,3,0]},{"code":122,"indent":2,"parameters":[54,54,1,0,20]},{"code":122,"indent":2,"parameters":[55,55,1,0,15]},{"code":0,"indent":2,"parameters":[]},{"code":412,"indent":1,"parameters":[]},{"code":113,"indent":1,"parameters":[]},{"code":0,"indent":1,"parameters":[]},{"code":413,"indent":0,"parameters":[]},{"code":108,"indent":0,"parameters":["━━━━━━━━━━━━━━━━━━━━━━━━━━━━━"]},{"code":112,"indent":0,"parameters":[]},{"code":111,"indent":1,"parameters":[1,56,0,0,0]},{"code":113,"indent":2,"parameters":[]},{"code":0,"indent":2,"parameters":[]},{"code":412,"indent":1,"parameters":[]},{"code":108,"indent":1,"parameters":["====================================================="]},{"code":408,"indent":1,"parameters":["←　停止　←"]},{"code":408,"indent":1,"parameters":["====================================================="]},{"code":111,"indent":1,"parameters":[1,86,0,0,0]},{"code":108,"indent":2,"parameters":["----------------------"]},{"code":408,"indent":2,"parameters":["一定位置で停止"]},{"code":408,"indent":2,"parameters":["----------------------"]},{"code":111,"indent":2,"parameters":[1,56,0,60,4]},{"code":111,"indent":3,"parameters":[1,57,0,650,2]},{"code":122,"indent":4,"parameters":[56,56,1,0,1]},{"code":113,"indent":4,"parameters":[]},{"code":0,"indent":4,"parameters":[]},{"code":412,"indent":3,"parameters":[]},{"code":0,"indent":3,"parameters":[]},{"code":412,"indent":2,"parameters":[]},{"code":108,"indent":2,"parameters":["----------------------"]},{"code":408,"indent":2,"parameters":["基本移動"]},{"code":408,"indent":2,"parameters":["----------------------"]},{"code":122,"indent":2,"parameters":[57,57,2,0,20]},{"code":0,"indent":2,"parameters":[]},{"code":412,"indent":1,"parameters":[]},{"code":108,"indent":1,"parameters":["====================================================="]},{"code":408,"indent":1,"parameters":["右下"]},{"code":408,"indent":1,"parameters":["====================================================="]},{"code":111,"indent":1,"parameters":[1,86,0,3,0]},{"code":122,"indent":2,"parameters":[57,57,2,0,20]},{"code":122,"indent":2,"parameters":[58,58,1,0,15]},{"code":0,"indent":2,"parameters":[]},{"code":412,"indent":1,"parameters":[]},{"code":113,"indent":1,"parameters":[]},{"code":0,"indent":1,"parameters":[]},{"code":413,"indent":0,"parameters":[]},{"code":108,"indent":0,"parameters":["━━━━━━━━━━━━━━━━━━━━━━━━━━━━━"]},{"code":408,"indent":0,"parameters":["当たり判定"]},{"code":408,"indent":0,"parameters":["━━━━━━━━━━━━━━━━━━━━━━━━━━━━━"]},{"code":108,"indent":0,"parameters":["※自機と敵のx座標、y座標の差が、"]},{"code":408,"indent":0,"parameters":["　自機と敵の半径（ｒ）を足した数値（＝お互いの距離）よりも"]},{"code":408,"indent":0,"parameters":["　小さい場合は、接触したとみなす。"]},{"code":408,"indent":0,"parameters":["━━━━━━━━━━━━━━━━━━━━━━━━━━━━━"]},{"code":122,"indent":0,"parameters":[21,21,0,0,13]},{"code":122,"indent":0,"parameters":[22,22,0,0,12]},{"code":108,"indent":0,"parameters":["----------------------------------------"]},{"code":122,"indent":0,"parameters":[35,35,0,1,88]},{"code":122,"indent":0,"parameters":[37,37,0,1,89]},{"code":122,"indent":0,"parameters":[38,38,0,1,42]},{"code":122,"indent":0,"parameters":[39,39,0,1,43]},{"code":122,"indent":0,"parameters":[35,35,1,1,21]},{"code":122,"indent":0,"parameters":[37,37,1,1,22]},{"code":122,"indent":0,"parameters":[38,38,2,1,25]},{"code":122,"indent":0,"parameters":[39,39,2,1,26]},{"code":111,"indent":0,"parameters":[1,38,0,0,4]},{"code":122,"indent":1,"parameters":[38,38,3,0,-1]},{"code":0,"indent":1,"parameters":[]},{"code":412,"indent":0,"parameters":[]},{"code":111,"indent":0,"parameters":[1,39,0,0,4]},{"code":122,"indent":1,"parameters":[39,39,3,0,-1]},{"code":0,"indent":1,"parameters":[]},{"code":412,"indent":0,"parameters":[]},{"code":111,"indent":0,"parameters":[1,38,1,35,2]},{"code":111,"indent":1,"parameters":[1,39,1,37,2]},{"code":117,"indent":2,"parameters":[8]},{"code":0,"indent":2,"parameters":[]},{"code":412,"indent":1,"parameters":[]},{"code":0,"indent":1,"parameters":[]},{"code":412,"indent":0,"parameters":[]},{"code":108,"indent":0,"parameters":["----------------------------------------"]},{"code":122,"indent":0,"parameters":[35,35,0,1,90]},{"code":122,"indent":0,"parameters":[37,37,0,1,91]},{"code":122,"indent":0,"parameters":[38,38,0,1,45]},{"code":122,"indent":0,"parameters":[39,39,0,1,46]},{"code":122,"indent":0,"parameters":[35,35,1,1,21]},{"code":122,"indent":0,"parameters":[37,37,1,1,22]},{"code":122,"indent":0,"parameters":[38,38,2,1,25]},{"code":122,"indent":0,"parameters":[39,39,2,1,26]},{"code":111,"indent":0,"parameters":[1,38,0,0,4]},{"code":122,"indent":1,"parameters":[38,38,3,0,-1]},{"code":0,"indent":1,"parameters":[]},{"code":412,"indent":0,"parameters":[]},{"code":111,"indent":0,"parameters":[1,39,0,0,4]},{"code":122,"indent":1,"parameters":[39,39,3,0,-1]},{"code":0,"indent":1,"parameters":[]},{"code":412,"indent":0,"parameters":[]},{"code":111,"indent":0,"parameters":[1,38,1,35,2]},{"code":111,"indent":1,"parameters":[1,39,1,37,2]},{"code":117,"indent":2,"parameters":[8]},{"code":0,"indent":2,"parameters":[]},{"code":412,"indent":1,"parameters":[]},{"code":0,"indent":1,"parameters":[]},{"code":412,"indent":0,"parameters":[]},{"code":108,"indent":0,"parameters":["----------------------------------------"]},{"code":122,"indent":0,"parameters":[35,35,0,1,92]},{"code":122,"indent":0,"parameters":[37,37,0,1,93]},{"code":122,"indent":0,"parameters":[38,38,0,1,48]},{"code":122,"indent":0,"parameters":[39,39,0,1,49]},{"code":122,"indent":0,"parameters":[35,35,1,1,21]},{"code":122,"indent":0,"parameters":[37,37,1,1,22]},{"code":122,"indent":0,"parameters":[38,38,2,1,25]},{"code":122,"indent":0,"parameters":[39,39,2,1,26]},{"code":111,"indent":0,"parameters":[1,38,0,0,4]},{"code":122,"indent":1,"parameters":[38,38,3,0,-1]},{"code":0,"indent":1,"parameters":[]},{"code":412,"indent":0,"parameters":[]},{"code":111,"indent":0,"parameters":[1,39,0,0,4]},{"code":122,"indent":1,"parameters":[39,39,3,0,-1]},{"code":0,"indent":1,"parameters":[]},{"code":412,"indent":0,"parameters":[]},{"code":111,"indent":0,"parameters":[1,38,1,35,2]},{"code":111,"indent":1,"parameters":[1,39,1,37,2]},{"code":117,"indent":2,"parameters":[8]},{"code":0,"indent":2,"parameters":[]},{"code":412,"indent":1,"parameters":[]},{"code":0,"indent":1,"parameters":[]},{"code":412,"indent":0,"parameters":[]},{"code":108,"indent":0,"parameters":["----------------------------------------"]},{"code":122,"indent":0,"parameters":[35,35,0,1,94]},{"code":122,"indent":0,"parameters":[37,37,0,1,95]},{"code":122,"indent":0,"parameters":[38,38,0,1,51]},{"code":122,"indent":0,"parameters":[39,39,0,1,52]},{"code":122,"indent":0,"parameters":[35,35,1,1,21]},{"code":122,"indent":0,"parameters":[37,37,1,1,22]},{"code":122,"indent":0,"parameters":[38,38,2,1,25]},{"code":122,"indent":0,"parameters":[39,39,2,1,26]},{"code":111,"indent":0,"parameters":[1,38,0,0,4]},{"code":122,"indent":1,"parameters":[38,38,3,0,-1]},{"code":0,"indent":1,"parameters":[]},{"code":412,"indent":0,"parameters":[]},{"code":111,"indent":0,"parameters":[1,39,0,0,4]},{"code":122,"indent":1,"parameters":[39,39,3,0,-1]},{"code":0,"indent":1,"parameters":[]},{"code":412,"indent":0,"parameters":[]},{"code":111,"indent":0,"parameters":[1,38,1,35,2]},{"code":111,"indent":1,"parameters":[1,39,1,37,2]},{"code":117,"indent":2,"parameters":[8]},{"code":0,"indent":2,"parameters":[]},{"code":412,"indent":1,"parameters":[]},{"code":0,"indent":1,"parameters":[]},{"code":412,"indent":0,"parameters":[]},{"code":108,"indent":0,"parameters":["----------------------------------------"]},{"code":122,"indent":0,"parameters":[35,35,0,1,96]},{"code":122,"indent":0,"parameters":[37,37,0,1,97]},{"code":122,"indent":0,"parameters":[38,38,0,1,54]},{"code":122,"indent":0,"parameters":[39,39,0,1,55]},{"code":122,"indent":0,"parameters":[35,35,1,1,21]},{"code":122,"indent":0,"parameters":[37,37,1,1,22]},{"code":122,"indent":0,"parameters":[38,38,2,1,25]},{"code":122,"indent":0,"parameters":[39,39,2,1,26]},{"code":111,"indent":0,"parameters":[1,38,0,0,4]},{"code":122,"indent":1,"parameters":[38,38,3,0,-1]},{"code":0,"indent":1,"parameters":[]},{"code":412,"indent":0,"parameters":[]},{"code":111,"indent":0,"parameters":[1,39,0,0,4]},{"code":122,"indent":1,"parameters":[39,39,3,0,-1]},{"code":0,"indent":1,"parameters":[]},{"code":412,"indent":0,"parameters":[]},{"code":111,"indent":0,"parameters":[1,38,1,35,2]},{"code":111,"indent":1,"parameters":[1,39,1,37,2]},{"code":117,"indent":2,"parameters":[8]},{"code":0,"indent":2,"parameters":[]},{"code":412,"indent":1,"parameters":[]},{"code":0,"indent":1,"parameters":[]},{"code":412,"indent":0,"parameters":[]},{"code":108,"indent":0,"parameters":["----------------------------------------"]},{"code":122,"indent":0,"parameters":[35,35,0,1,98]},{"code":122,"indent":0,"parameters":[37,37,0,1,99]},{"code":122,"indent":0,"parameters":[38,38,0,1,57]},{"code":122,"indent":0,"parameters":[39,39,0,1,58]},{"code":122,"indent":0,"parameters":[35,35,1,1,21]},{"code":122,"indent":0,"parameters":[37,37,1,1,22]},{"code":122,"indent":0,"parameters":[38,38,2,1,25]},{"code":122,"indent":0,"parameters":[39,39,2,1,26]},{"code":111,"indent":0,"parameters":[1,38,0,0,4]},{"code":122,"indent":1,"parameters":[38,38,3,0,-1]},{"code":0,"indent":1,"parameters":[]},{"code":412,"indent":0,"parameters":[]},{"code":111,"indent":0,"parameters":[1,39,0,0,4]},{"code":122,"indent":1,"parameters":[39,39,3,0,-1]},{"code":0,"indent":1,"parameters":[]},{"code":412,"indent":0,"parameters":[]},{"code":111,"indent":0,"parameters":[1,38,1,35,2]},{"code":111,"indent":1,"parameters":[1,39,1,37,2]},{"code":117,"indent":2,"parameters":[8]},{"code":0,"indent":2,"parameters":[]},{"code":412,"indent":1,"parameters":[]},{"code":0,"indent":1,"parameters":[]},{"code":412,"indent":0,"parameters":[]},{"code":108,"indent":0,"parameters":["----------------------------------------"]},{"code":230,"indent":0,"parameters":[1]},{"code":0,"indent":0,"parameters":[]}],"moveFrequency":3,"moveRoute":{"list":[{"code":0,"parameters":[]}],"repeat":true,"skippable":false,"wait":false},"moveSpeed":3,"moveType":0,"priorityType":0,"stepAnime":false,"through":false,"trigger":4,"walkAnime":true},{"conditions":{"actorId":1,"actorValid":false,"itemId":1,"itemValid":false,"selfSwitchCh":"A","selfSwitchValid":false,"switch1Id":1,"switch1Valid":false,"switch2Id":1,"switch2Valid":false,"variableId":27,"variableValid":true,"variableValue":99999999},"directionFix":false,"image":{"characterIndex":0,"characterName":"","direction":2,"pattern":0,"tileId":0},"list":[{"code":223,"indent":0,"parameters":[[-255,-255,-255,0],60,true]},{"code":221,"indent":0,"parameters":[]},{"code":201,"indent":0,"parameters":[0,25,0,0,0,0]},{"code":235,"indent":0,"parameters":[1]},{"code":235,"indent":0,"parameters":[2]},{"code":235,"indent":0,"parameters":[3]},{"code":235,"indent":0,"parameters":[4]},{"code":235,"indent":0,"parameters":[5]},{"code":235,"indent":0,"parameters":[6]},{"code":235,"indent":0,"parameters":[7]},{"code":235,"indent":0,"parameters":[8]},{"code":235,"indent":0,"parameters":[49]},{"code":235,"indent":0,"parameters":[50]},{"code":235,"indent":0,"parameters":[99]},{"code":222,"indent":0,"parameters":[]},{"code":0,"indent":0,"parameters":[]}],"moveFrequency":3,"moveRoute":{"list":[{"code":0,"parameters":[]}],"repeat":true,"skippable":false,"wait":false},"moveSpeed":3,"moveType":0,"priorityType":0,"stepAnime":false,"through":false,"trigger":3,"walkAnime":true}],"x":0,"y":0},
{"id":2,"name":"ハロルド","note":"","pages":[{"conditions":{"actorId":1,"actorValid":false,"itemId":1,"itemValid":false,"selfSwitchCh":"A","selfSwitchValid":false,"switch1Id":1,"switch1Valid":false,"switch2Id":1,"switch2Valid":false,"variableId":1,"variableValid":false,"variableValue":0},"directionFix":false,"image":{"tileId":0,"characterName":"Actor1","direction":2,"pattern":1,"characterIndex":0},"list":[{"code":0,"indent":0,"parameters":[]}],"moveFrequency":5,"moveRoute":{"list":[{"code":0,"parameters":[]}],"repeat":true,"skippable":false,"wait":false},"moveSpeed":3,"moveType":0,"priorityType":1,"stepAnime":false,"through":false,"trigger":0,"walkAnime":true}],"x":8,"y":6},
{"id":3,"name":"自機移動判定","note":"","pages":[{"conditions":{"actorId":1,"actorValid":false,"itemId":1,"itemValid":false,"selfSwitchCh":"A","selfSwitchValid":false,"switch1Id":1,"switch1Valid":false,"switch2Id":1,"switch2Valid":false,"variableId":27,"variableValid":true,"variableValue":1},"directionFix":false,"image":{"characterIndex":0,"characterName":"","direction":2,"pattern":0,"tileId":0},"list":[{"code":111,"indent":0,"parameters":[11,"down"]},{"code":122,"indent":1,"parameters":[26,26,1,0,10]},{"code":0,"indent":1,"parameters":[]},{"code":412,"indent":0,"parameters":[]},{"code":111,"indent":0,"parameters":[11,"left"]},{"code":122,"indent":1,"parameters":[25,25,2,0,10]},{"code":0,"indent":1,"parameters":[]},{"code":412,"indent":0,"parameters":[]},{"code":111,"indent":0,"parameters":[11,"right"]},{"code":122,"indent":1,"parameters":[25,25,1,0,10]},{"code":0,"indent":1,"parameters":[]},{"code":412,"indent":0,"parameters":[]},{"code":111,"indent":0,"parameters":[11,"up"]},{"code":122,"indent":1,"parameters":[26,26,2,0,10]},{"code":0,"indent":1,"parameters":[]},{"code":412,"indent":0,"parameters":[]},{"code":111,"indent":0,"parameters":[1,25,0,30,4]},{"code":122,"indent":1,"parameters":[25,25,0,0,30]},{"code":0,"indent":1,"parameters":[]},{"code":412,"indent":0,"parameters":[]},{"code":111,"indent":0,"parameters":[1,25,0,786,3]},{"code":122,"indent":1,"parameters":[25,25,0,0,786]},{"code":0,"indent":1,"parameters":[]},{"code":412,"indent":0,"parameters":[]},{"code":111,"indent":0,"parameters":[1,26,0,30,4]},{"code":122,"indent":1,"parameters":[26,26,0,0,30]},{"code":0,"indent":1,"parameters":[]},{"code":412,"indent":0,"parameters":[]},{"code":111,"indent":0,"parameters":[1,26,0,594,3]},{"code":122,"indent":1,"parameters":[26,26,0,0,594]},{"code":0,"indent":1,"parameters":[]},{"code":412,"indent":0,"parameters":[]},{"code":111,"indent":0,"parameters":[1,41,0,0,3]},{"code":232,"indent":1,"parameters":[3,0,1,1,42,43,100,100,255,0,3,false]},{"code":0,"indent":1,"parameters":[]},{"code":412,"indent":0,"parameters":[]},{"code":111,"indent":0,"parameters":[1,44,0,0,3]},{"code":232,"indent":1,"parameters":[4,0,1,1,45,46,100,100,255,0,3,false]},{"code":0,"indent":1,"parameters":[]},{"code":412,"indent":0,"parameters":[]},{"code":111,"indent":0,"parameters":[1,47,0,0,3]},{"code":232,"indent":1,"parameters":[5,0,1,1,48,49,100,100,255,0,3,false]},{"code":0,"indent":1,"parameters":[]},{"code":412,"indent":0,"parameters":[]},{"code":111,"indent":0,"parameters":[1,50,0,0,3]},{"code":232,"indent":1,"parameters":[6,0,1,1,51,52,100,100,255,0,3,false]},{"code":0,"indent":1,"parameters":[]},{"code":412,"indent":0,"parameters":[]},{"code":111,"indent":0,"parameters":[1,53,0,0,3]},{"code":232,"indent":1,"parameters":[7,0,1,1,54,55,100,100,255,0,3,false]},{"code":0,"indent":1,"parameters":[]},{"code":412,"indent":0,"parameters":[]},{"code":111,"indent":0,"parameters":[1,56,0,0,3]},{"code":232,"indent":1,"parameters":[8,0,1,1,57,58,100,100,255,0,3,false]},{"code":0,"indent":1,"parameters":[]},{"code":412,"indent":0,"parameters":[]},{"code":111,"indent":0,"parameters":[1,59,0,0,3]},{"code":232,"indent":1,"parameters":[9,0,1,1,60,61,100,100,255,0,3,false]},{"code":0,"indent":1,"parameters":[]},{"code":412,"indent":0,"parameters":[]},{"code":111,"indent":0,"parameters":[1,40,0,1,0]},{"code":234,"indent":1,"parameters":[99,[0,0,0,0],1,false]},{"code":0,"indent":1,"parameters":[]},{"code":412,"indent":0,"parameters":[]},{"code":111,"indent":0,"parameters":[1,40,0,0,3]},{"code":122,"indent":1,"parameters":[40,40,2,0,1]},{"code":0,"indent":1,"parameters":[]},{"code":412,"indent":0,"parameters":[]},{"code":232,"indent":0,"parameters":[99,0,1,1,25,26,100,100,255,0,1,true]},{"code":0,"indent":0,"parameters":[]}],"moveFrequency":3,"moveRoute":{"list":[{"code":0,"parameters":[]}],"repeat":true,"skippable":false,"wait":false},"moveSpeed":3,"moveType":0,"priorityType":0,"stepAnime":false,"through":false,"trigger":4,"walkAnime":true}],"x":1,"y":0},
{"id":4,"name":"→　停止　→","note":"","pages":[{"conditions":{"actorId":1,"actorValid":false,"itemId":1,"itemValid":false,"selfSwitchCh":"A","selfSwitchValid":false,"switch1Id":1,"switch1Valid":false,"switch2Id":1,"switch2Valid":false,"variableId":1,"variableValid":false,"variableValue":0},"directionFix":false,"image":{"characterIndex":0,"characterName":"","direction":2,"pattern":0,"tileId":0},"list":[{"code":111,"indent":0,"parameters":[1,28,0,0,3]},{"code":108,"indent":1,"parameters":["----------------------"]},{"code":408,"indent":1,"parameters":["一定位置で消去"]},{"code":408,"indent":1,"parameters":["----------------------"]},{"code":111,"indent":1,"parameters":[1,29,0,1050,1]},{"code":122,"indent":2,"parameters":[28,28,0,0,0]},{"code":119,"indent":2,"parameters":["end"]},{"code":0,"indent":2,"parameters":[]},{"code":412,"indent":1,"parameters":[]},{"code":108,"indent":1,"parameters":["----------------------"]},{"code":408,"indent":1,"parameters":["一定位置で停止"]},{"code":408,"indent":1,"parameters":["----------------------"]},{"code":111,"indent":1,"parameters":[1,28,0,30,4]},{"code":111,"indent":2,"parameters":[1,29,0,190,1]},{"code":122,"indent":3,"parameters":[28,28,1,0,1]},{"code":119,"indent":3,"parameters":["end"]},{"code":0,"indent":3,"parameters":[]},{"code":412,"indent":2,"parameters":[]},{"code":0,"indent":2,"parameters":[]},{"code":412,"indent":1,"parameters":[]},{"code":108,"indent":1,"parameters":["----------------------"]},{"code":408,"indent":1,"parameters":["基本移動"]},{"code":408,"indent":1,"parameters":["----------------------"]},{"code":122,"indent":1,"parameters":[29,29,1,0,20]},{"code":118,"indent":1,"parameters":["end"]},{"code":355,"indent":1,"parameters":["$gameScreen.movePicture"]},{"code":655,"indent":1,"parameters":["($gameVariables.value(34),1,"]},{"code":655,"indent":1,"parameters":["$gameVariables.value(29),"]},{"code":655,"indent":1,"parameters":["$gameVariables.value(30),"]},{"code":655,"indent":1,"parameters":["100,100,255,0,1)"]},{"code":0,"indent":1,"parameters":[]},{"code":412,"indent":0,"parameters":[]},{"code":108,"indent":0,"parameters":["━━━━━━━━━━━━━━━━━━━━━━━━━━━━━"]},{"code":0,"indent":0,"parameters":[]}],"moveFrequency":3,"moveRoute":{"list":[{"code":0,"parameters":[]}],"repeat":true,"skippable":false,"wait":false},"moveSpeed":3,"moveType":0,"priorityType":0,"stepAnime":false,"through":false,"trigger":0,"walkAnime":true},{"conditions":{"actorId":1,"actorValid":false,"itemId":1,"itemValid":false,"selfSwitchCh":"A","selfSwitchValid":false,"switch1Id":1,"switch1Valid":false,"switch2Id":1,"switch2Valid":false,"variableId":1,"variableValid":false,"variableValue":0},"directionFix":false,"image":{"characterIndex":0,"characterName":"","direction":2,"pattern":0,"tileId":0},"list":[{"code":0,"indent":0,"parameters":[]}],"moveFrequency":3,"moveRoute":{"list":[{"code":0,"parameters":[]}],"repeat":true,"skippable":false,"wait":false},"moveSpeed":3,"moveType":0,"priorityType":0,"stepAnime":false,"through":false,"trigger":0,"walkAnime":true}],"x":0,"y":1},
{"id":5,"name":"EV005","note":"","pages":[{"conditions":{"actorId":1,"actorValid":false,"itemId":1,"itemValid":false,"selfSwitchCh":"A","selfSwitchValid":false,"switch1Id":1,"switch1Valid":false,"switch2Id":1,"switch2Valid":false,"variableId":27,"variableValid":true,"variableValue":1},"directionFix":false,"image":{"characterIndex":0,"characterName":"","direction":2,"pattern":0,"tileId":0},"list":[{"code":108,"indent":0,"parameters":["━━━━━━━━━━━━━━━━━━━━━━━━━━━━━"]},{"code":408,"indent":0,"parameters":["時間経過による発生"]},{"code":408,"indent":0,"parameters":["━━━━━━━━━━━━━━━━━━━━━━━━━━━━━"]},{"code":355,"indent":0,"parameters":["$gameVariables._data[27] += 1;"]},{"code":108,"indent":0,"parameters":["-----------------------------------------------------------"]},{"code":111,"indent":0,"parameters":[1,27,0,5,0]},{"code":122,"indent":1,"parameters":[41,41,0,0,1]},{"code":122,"indent":1,"parameters":[42,42,0,0,-150]},{"code":122,"indent":1,"parameters":[43,43,0,0,550]},{"code":231,"indent":1,"parameters":[3,"EDcredit1",1,1,42,43,100,100,255,0]},{"code":0,"indent":1,"parameters":[]},{"code":412,"indent":0,"parameters":[]},{"code":108,"indent":0,"parameters":["-----------------------------------------------------------"]},{"code":111,"indent":0,"parameters":[1,27,0,15,0]},{"code":122,"indent":1,"parameters":[44,44,0,0,1]},{"code":122,"indent":1,"parameters":[45,45,0,0,-150]},{"code":122,"indent":1,"parameters":[46,46,0,0,450]},{"code":231,"indent":1,"parameters":[4,"EDcredit2",1,1,45,46,100,100,255,0]},{"code":0,"indent":1,"parameters":[]},{"code":412,"indent":0,"parameters":[]},{"code":108,"indent":0,"parameters":["-----------------------------------------------------------"]},{"code":111,"indent":0,"parameters":[1,27,0,25,0]},{"code":122,"indent":1,"parameters":[47,47,0,0,1]},{"code":122,"indent":1,"parameters":[48,48,0,0,-150]},{"code":122,"indent":1,"parameters":[49,49,0,0,350]},{"code":231,"indent":1,"parameters":[5,"EDcredit3",1,1,48,49,100,100,255,0]},{"code":0,"indent":1,"parameters":[]},{"code":412,"indent":0,"parameters":[]},{"code":108,"indent":0,"parameters":["-----------------------------------------------------------"]},{"code":111,"indent":0,"parameters":[1,27,0,35,0]},{"code":122,"indent":1,"parameters":[50,50,0,0,10000]},{"code":122,"indent":1,"parameters":[51,51,0,0,1050]},{"code":122,"indent":1,"parameters":[52,52,0,0,250]},{"code":231,"indent":1,"parameters":[6,"EDcredit4",1,1,51,52,100,100,255,0]},{"code":0,"indent":1,"parameters":[]},{"code":412,"indent":0,"parameters":[]},{"code":108,"indent":0,"parameters":["-----------------------------------------------------------"]},{"code":111,"indent":0,"parameters":[1,27,0,120,0]},{"code":232,"indent":1,"parameters":[2,0,1,0,408,35,100,100,0,0,60,false]},{"code":0,"indent":1,"parameters":[]},{"code":412,"indent":0,"parameters":[]},{"code":108,"indent":0,"parameters":["━━━━━━━━━━━━━━━━━━━━━━━━━━━━━"]},{"code":408,"indent":0,"parameters":["pic移動"]},{"code":408,"indent":0,"parameters":["━━━━━━━━━━━━━━━━━━━━━━━━━━━━━"]},{"code":118,"indent":0,"parameters":["pic移動判定"]},{"code":108,"indent":0,"parameters":["-----------------------"]},{"code":408,"indent":0,"parameters":["個別変数→計算用変数へ代入"]},{"code":408,"indent":0,"parameters":["-----------------------"]},{"code":355,"indent":0,"parameters":["val2 = $gameVariables.value(41+$gameVariables.value(35));"]},{"code":655,"indent":0,"parameters":["$gameVariables._data[28] = val2;"]},{"code":355,"indent":0,"parameters":["val2 = $gameVariables.value(42+$gameVariables.value(35));"]},{"code":655,"indent":0,"parameters":["$gameVariables._data[29] = val2;"]},{"code":355,"indent":0,"parameters":["val2 = $gameVariables.value(43+$gameVariables.value(35));"]},{"code":655,"indent":0,"parameters":["$gameVariables._data[30] = val2;"]},{"code":108,"indent":0,"parameters":["━━━━━━━━━━━━━━━━━━━━━━━━━━━━━"]},{"code":111,"indent":0,"parameters":[1,28,0,10000,1]},{"code":0,"indent":1,"parameters":[]},{"code":412,"indent":0,"parameters":[]},{"code":108,"indent":0,"parameters":["━━━━━━━━━━━━━━━━━━━━━━━━━━━━━"]},{"code":111,"indent":0,"parameters":[1,28,0,1,1]},{"code":108,"indent":1,"parameters":["----------------------"]},{"code":408,"indent":1,"parameters":["一定位置で消去"]},{"code":408,"indent":1,"parameters":["----------------------"]},{"code":111,"indent":1,"parameters":[1,29,0,1050,1]},{"code":355,"indent":2,"parameters":["$gameVariables._data[28] = 0;"]},{"code":119,"indent":2,"parameters":["end"]},{"code":0,"indent":2,"parameters":[]},{"code":412,"indent":1,"parameters":[]},{"code":108,"indent":1,"parameters":["----------------------"]},{"code":408,"indent":1,"parameters":["一定位置で停止"]},{"code":408,"indent":1,"parameters":["----------------------"]},{"code":111,"indent":1,"parameters":[1,28,0,30,4]},{"code":111,"indent":2,"parameters":[1,29,0,190,1]},{"code":355,"indent":3,"parameters":["$gameVariables._data[28] += 1;"]},{"code":119,"indent":3,"parameters":["end"]},{"code":0,"indent":3,"parameters":[]},{"code":412,"indent":2,"parameters":[]},{"code":0,"indent":2,"parameters":[]},{"code":412,"indent":1,"parameters":[]},{"code":108,"indent":1,"parameters":["----------------------"]},{"code":408,"indent":1,"parameters":["基本移動"]},{"code":408,"indent":1,"parameters":["----------------------"]},{"code":355,"indent":1,"parameters":["$gameVariables._data[29] += 20;"]},{"code":0,"indent":1,"parameters":[]},{"code":412,"indent":0,"parameters":[]},{"code":108,"indent":0,"parameters":["━━━━━━━━━━━━━━━━━━━━━━━━━━━━━"]},{"code":118,"indent":0,"parameters":["end"]},{"code":108,"indent":0,"parameters":["-----------------------"]},{"code":408,"indent":0,"parameters":["計算用変数→個別変数へ代入"]},{"code":408,"indent":0,"parameters":["-----------------------"]},{"code":355,"indent":0,"parameters":["val1=$gameVariables.value(31);"]},{"code":655,"indent":0,"parameters":["$gameVariables._data[val1] = $gameVariables.value(28);"]},{"code":355,"indent":0,"parameters":["val1=$gameVariables.value(32);"]},{"code":655,"indent":0,"parameters":["$gameVariables._data[val1] = $gameVariables.value(29);"]},{"code":355,"indent":0,"parameters":["val1=$gameVariables.value(33);"]},{"code":655,"indent":0,"parameters":["$gameVariables._data[val1] = $gameVariables.value(30);"]},{"code":108,"indent":0,"parameters":["━━━━━━━━━━━━━━━━━━━━━━━━━━━━━"]},{"code":355,"indent":0,"parameters":["$gameVariables._data[35] += 3;"]},{"code":355,"indent":0,"parameters":["$gameVariables._data[34] += 1;"]},{"code":355,"indent":0,"parameters":["$gameVariables._data[31] += 3;"]},{"code":355,"indent":0,"parameters":["$gameVariables._data[32] += 3;"]},{"code":355,"indent":0,"parameters":["$gameVariables._data[33] += 3;"]},{"code":111,"indent":0,"parameters":[1,34,0,18,0]},{"code":355,"indent":1,"parameters":["$gameVariables._data[35] = 0;"]},{"code":355,"indent":1,"parameters":["$gameVariables._data[31] = 41;"]},{"code":355,"indent":1,"parameters":["$gameVariables._data[32] = 42;"]},{"code":355,"indent":1,"parameters":["$gameVariables._data[33] = 43;"]},{"code":355,"indent":1,"parameters":["$gameVariables._data[34] = 3;"]},{"code":0,"indent":1,"parameters":[]},{"code":412,"indent":0,"parameters":[]},{"code":108,"indent":0,"parameters":["━━━━━━━━━━━━━━━━━━━━━━━━━━━━━"]},{"code":230,"indent":0,"parameters":[1]},{"code":0,"indent":0,"parameters":[]}],"moveFrequency":3,"moveRoute":{"list":[{"code":0,"parameters":[]}],"repeat":true,"skippable":false,"wait":false},"moveSpeed":3,"moveType":0,"priorityType":0,"stepAnime":false,"through":false,"trigger":4,"walkAnime":true},{"conditions":{"actorId":1,"actorValid":false,"itemId":1,"itemValid":false,"selfSwitchCh":"A","selfSwitchValid":false,"switch1Id":1,"switch1Valid":false,"switch2Id":1,"switch2Valid":false,"variableId":1,"variableValid":false,"variableValue":0},"directionFix":false,"image":{"characterIndex":0,"characterName":"","direction":2,"pattern":0,"tileId":0},"list":[{"code":0,"indent":0,"parameters":[]}],"moveFrequency":3,"moveRoute":{"list":[{"code":0,"parameters":[]}],"repeat":true,"skippable":false,"wait":false},"moveSpeed":3,"moveType":0,"priorityType":0,"stepAnime":false,"through":false,"trigger":0,"walkAnime":true}],"x":16,"y":12}
]
}