{
"autoplayBgm":true,"autoplayBgs":true,"battleback1Name":"","battleback2Name":"","bgm":{"name":"","pan":0,"pitch":100,"volume":90},"bgs":{"name":"","pan":0,"pitch":100,"volume":90},"disableDashing":false,"displayName":"","encounterList":[],"encounterStep":30,"height":13,"note":"","parallaxLoopX":false,"parallaxLoopY":false,"parallaxName":"Crystal","parallaxShow":true,"parallaxSx":0,"parallaxSy":0,"scrollType":0,"specifyBattleback":false,"tilesetId":1,"width":17,
"data":[0,0,0,0,0,0,0,0,0,0,0,0,0,0,0,0,0,0,0,0,0,0,0,0,0,0,0,0,0,0,0,0,0,0,0,0,0,0,0,0,0,0,0,0,0,0,0,0,0,0,0,0,0,0,0,0,0,0,0,0,0,0,0,0,0,0,0,0,0,0,0,0,0,0,0,0,0,0,0,0,0,0,0,0,0,0,0,0,0,0,0,0,0,0,0,0,0,0,0,0,0,0,0,0,0,0,0,0,0,0,0,0,0,0,0,0,0,0,0,0,0,0,0,0,0,0,0,0,0,0,0,0,0,0,0,0,0,0,0,0,0,0,0,0,0,0,0,0,0,0,0,0,0,0,0,0,0,0,0,0,0,0,0,0,0,0,0,0,0,0,0,0,0,0,0,0,0,0,0,0,0,0,0,0,0,0,0,0,0,0,0,0,0,0,0,0,0,0,0,0,0,0,0,0,0,0,0,0,0,0,0,0,0,0,0,0,0,0,0,0,0,0,0,0,0,0,0,0,0,0,0,0,0,0,0,0,0,0,0,0,0,0,0,0,0,0,0,0,0,0,0,0,0,0,0,0,0,0,0,0,0,0,0,0,0,0,0,0,0,0,0,0,0,0,0,0,0,0,0,0,0,0,0,0,0,0,0,0,0,0,0,0,0,0,0,0,0,0,0,0,0,0,0,0,0,0,0,0,0,0,0,0,0,0,0,0,0,0,0,0,0,0,0,0,0,0,0,0,0,0,0,0,0,0,0,0,0,0,0,0,0,0,0,0,0,0,0,0,0,0,0,0,0,0,0,0,0,0,0,0,0,0,0,0,0,0,0,0,0,0,0,0,0,0,0,0,0,0,0,0,0,0,0,0,0,0,0,0,0,0,0,0,0,0,0,0,0,0,0,0,0,0,0,0,0,0,0,0,0,0,0,0,0,0,0,0,0,0,0,0,0,0,0,0,0,0,0,0,0,0,0,0,0,0,0,0,0,0,0,0,0,0,0,0,0,0,0,0,0,0,0,0,0,0,0,0,0,0,0,0,0,0,0,0,0,0,0,0,0,0,0,0,0,0,0,0,0,0,0,0,0,0,0,0,0,0,0,0,0,0,0,0,0,0,0,0,0,0,0,0,0,0,0,0,0,0,0,0,0,0,0,0,0,0,0,0,0,0,0,0,0,0,0,0,0,0,0,0,0,0,0,0,0,0,0,0,0,0,0,0,0,0,0,0,0,0,0,0,0,0,0,0,0,0,0,0,0,0,0,0,0,0,0,0,0,0,0,0,0,0,0,0,0,0,0,0,0,0,0,0,0,0,0,0,0,0,0,0,0,0,0,0,0,0,0,0,0,0,0,0,0,0,0,0,0,0,0,0,0,0,0,0,0,0,0,0,0,0,0,0,0,0,0,0,0,0,0,0,0,0,0,0,0,0,0,0,0,0,0,0,0,0,0,0,0,0,0,0,0,0,0,0,0,0,0,0,0,0,0,0,0,0,0,0,0,0,0,0,0,0,0,0,0,0,0,0,0,0,0,0,0,0,0,0,0,0,0,0,0,0,0,0,0,0,0,0,0,0,0,0,0,0,0,0,0,0,0,0,0,0,0,0,0,0,0,0,0,0,0,0,0,0,0,0,0,0,0,0,0,0,0,0,0,0,0,0,0,0,0,0,0,0,0,0,0,0,0,0,0,0,0,0,0,0,0,0,0,0,0,0,0,0,0,0,0,0,0,0,0,0,0,0,0,0,0,0,0,0,0,0,0,0,0,0,0,0,0,0,0,0,0,0,0,0,0,0,0,0,0,0,0,0,0,0,0,0,0,0,0,0,0,0,0,0,0,0,0,0,0,0,0,0,0,0,0,0,0,0,0,0,0,0,0,0,0,0,0,0,0,0,0,0,0,0,0,0,0,0,0,0,0,0,0,0,0,0,0,0,0,0,0,0,0,0,0,0,0,0,0,0,0,0,0,0,0,0,0,0,0,0,0,0,0,0,0,0,0,0,0,0,0,0,0,0,0,0,0,0,0,0,0,0,0,0,0,0,0,0,0,0,0,0,0,0,0,0,0,0,0,0,0,0,0,0,0,0,0,0,0,0,0,0,0,0,0,0,0,0,0,0,0,0,0,0,0,0,0,0,0,0,0,0,0,0,0,0,0,0,0,0,0,0,0,0,0,0,0,0,0,0,0,0,0,0,0,0,0,0,0,0,0,0,0,0,0,0,0,0,0,0,0,0,0,0,0,0,0,0,0,0,0,0,0,0,0,0,0,0,0,0,0,0,0,0,0,0,0,0,0,0,0,0,0,0,0,0,0,0,0,0,0,0,0,0,0,0,0,0,0,0,0,0,0,0,0,0,0,0,0,0,0,0,0,0,0,0,0,0,0,0,0,0,0,0,0,0,0,0,0,0,0,0,0,0,0,0,0,0,0,0,0,0,0,0,0,0,0,0,0,0,0,0,0,0,0,0,0,0,0,0,0,0,0,0,0,0,0,0,0,0,0,0,0,0,0,0,0,0,0,0,0,0,0,0,0,0,0,0,0,0,0,0,0,0,0,0,0,0,0,0,0,0,0,0,0,0,0,0,0,0,0,0,0,0,0,0,0,0,0,0,0,0,0,0,0,0,0,0,0,0,0,0,0,0,0,0,0,0,0,0,0,0,0,0,0,0,0,0,0,0,0,0,0,0,0,0,0,0,0,0,0,0,0,0,0,0,0,0,0,0,0,0,0,0,0,0,0,0,0,0,0,0,0,0,0,0,0,0,0,0,0,0,0,0,0,0,0,0,0,0,0,0,0,0,0,0,0,0,0,0,0,0,0,0,0,0,0,0,0,0,0,0,0,0,0,0,0,0,0,0,0,0,0,0,0,0,0,0,0,0,0,0,0,0,0,0,0,0,0,0,0,0,0,0,0,0,0,0,0,0,0,0,0,0,0,0,0,0,0,0,0,0,0,0,0,0,0,0,0,0,0,0,0,0,0,0],
"events":[
null,
{"id":1,"name":"EV001","note":"","pages":[{"conditions":{"actorId":1,"actorValid":false,"itemId":1,"itemValid":false,"selfSwitchCh":"A","selfSwitchValid":false,"switch1Id":1,"switch1Valid":false,"switch2Id":1,"switch2Valid":false,"variableId":1,"variableValid":false,"variableValue":0},"directionFix":false,"image":{"characterIndex":0,"characterName":"","direction":2,"pattern":0,"tileId":0},"list":[{"code":356,"indent":0,"parameters":["D_TEXT もしもテイルズオブファイナルクエストⅫ 40"]},{"code":356,"indent":0,"parameters":["D_TEXT 　　～ＡＬＥＸ　ＥＡＴＥＲ～　だったら 40"]},{"code":356,"indent":0,"parameters":["D_TEXT_SETTING FONT ＭＳ 明朝"]},{"code":231,"indent":0,"parameters":[6,"",1,0,408,150,100,100,0,0]},{"code":250,"indent":0,"parameters":[{"name":"Up2","volume":90,"pitch":100,"pan":0}]},{"code":232,"indent":0,"parameters":[6,0,1,0,408,150,100,100,255,0,120,true]},{"code":230,"indent":0,"parameters":[80]},{"code":356,"indent":0,"parameters":["D_TEXT -PUSH START- 30"]},{"code":231,"indent":0,"parameters":[7,"",1,0,408,350,100,100,255,0]},{"code":122,"indent":0,"parameters":[11,11,0,0,1]},{"code":241,"indent":0,"parameters":[{"name":"2000_Peace","volume":30,"pitch":100,"pan":0}]},{"code":230,"indent":0,"parameters":[60]},{"code":356,"indent":0,"parameters":["ORIGINALTIMER SET UP 1h30m 10 32 310 260 DISPLAY HH:MM:SS"]},{"code":356,"indent":0,"parameters":["D_TEXT 　　　　　　　　　　 100"]},{"code":356,"indent":0,"parameters":["D_TEXT_SETTING BG_COLOR black"]},{"code":231,"indent":0,"parameters":[1,"",1,0,408,600,100,100,200,0]},{"code":231,"indent":0,"parameters":[2,"yukkuri",1,0,100,550,70,70,255,0]},{"code":356,"indent":0,"parameters":["D_TEXT \\ow[3]\\f[b]\\oc[white]\\c[10]突然ですがゆっくり実況はーじまーるよー 25"]},{"code":231,"indent":0,"parameters":[3,"",1,0,500,570,100,100,255,0]},{"code":250,"indent":0,"parameters":[{"name":"SofTalk1","volume":100,"pitch":100,"pan":0}]},{"code":230,"indent":0,"parameters":[220]},{"code":356,"indent":0,"parameters":["D_TEXT \\ow[3]\\f[b]\\oc[white]\\c[10]初心者なのでとりあえず今回はany%RTAします。 25"]},{"code":231,"indent":0,"parameters":[3,"",1,0,500,570,100,100,255,0]},{"code":250,"indent":0,"parameters":[{"name":"SofTalk2","volume":100,"pitch":100,"pan":0}]},{"code":230,"indent":0,"parameters":[240]},{"code":356,"indent":0,"parameters":["D_TEXT \\ow[3]\\f[b]\\oc[white]\\c[10]ＰＵＳＨ　ＳＴＡＲＴを押すと計測スタートです。 25"]},{"code":231,"indent":0,"parameters":[3,"",1,0,500,570,100,100,255,0]},{"code":250,"indent":0,"parameters":[{"name":"SofTalk3","volume":100,"pitch":100,"pan":0}]},{"code":230,"indent":0,"parameters":[180]},{"code":356,"indent":0,"parameters":["D_TEXT \\ow[3]\\f[b]\\oc[white]\\c[10]はーいよーいスタート（幻聴） 25"]},{"code":231,"indent":0,"parameters":[3,"",1,0,500,570,100,100,255,0]},{"code":230,"indent":0,"parameters":[60]},{"code":232,"indent":0,"parameters":[3,0,0,0,500,570,100,100,0,0,1,true]},{"code":122,"indent":0,"parameters":[11,11,0,0,2]},{"code":242,"indent":0,"parameters":[1]},{"code":250,"indent":0,"parameters":[{"name":"Magic13","volume":90,"pitch":100,"pan":0}]},{"code":224,"indent":0,"parameters":[[255,255,255,170],30,false]},{"code":356,"indent":0,"parameters":["ORIGINALTIMER START"]},{"code":232,"indent":0,"parameters":[6,0,1,0,408,150,100,100,0,0,120,false]},{"code":223,"indent":0,"parameters":[[-255,-255,-255,0],120,true]},{"code":122,"indent":0,"parameters":[11,11,0,0,0]},{"code":235,"indent":0,"parameters":[6]},{"code":235,"indent":0,"parameters":[7]},{"code":230,"indent":0,"parameters":[60]},{"code":201,"indent":0,"parameters":[0,12,0,0,0,2]},{"code":0,"indent":0,"parameters":[]}],"moveFrequency":3,"moveRoute":{"list":[{"code":0,"parameters":[]}],"repeat":true,"skippable":false,"wait":false},"moveSpeed":3,"moveType":0,"priorityType":0,"stepAnime":false,"through":false,"trigger":3,"walkAnime":true}],"x":0,"y":0},
{"id":2,"name":"EV002","note":"","pages":[{"conditions":{"actorId":1,"actorValid":false,"itemId":1,"itemValid":false,"selfSwitchCh":"A","selfSwitchValid":false,"switch1Id":5,"switch1Valid":false,"switch2Id":1,"switch2Valid":false,"variableId":11,"variableValid":true,"variableValue":1},"directionFix":false,"image":{"characterIndex":0,"characterName":"","direction":2,"pattern":0,"tileId":0},"list":[{"code":230,"indent":0,"parameters":[30]},{"code":232,"indent":0,"parameters":[7,0,1,0,408,350,100,100,0,0,1,true]},{"code":230,"indent":0,"parameters":[30]},{"code":232,"indent":0,"parameters":[7,0,1,0,408,350,100,100,255,0,1,true]},{"code":0,"indent":0,"parameters":[]}],"moveFrequency":3,"moveRoute":{"list":[{"code":0,"parameters":[]}],"repeat":true,"skippable":false,"wait":false},"moveSpeed":3,"moveType":0,"priorityType":0,"stepAnime":false,"through":false,"trigger":4,"walkAnime":true},{"conditions":{"actorId":1,"actorValid":false,"itemId":1,"itemValid":false,"selfSwitchCh":"A","selfSwitchValid":false,"switch1Id":5,"switch1Valid":false,"switch2Id":1,"switch2Valid":false,"variableId":11,"variableValid":true,"variableValue":2},"directionFix":false,"image":{"characterIndex":0,"characterName":"","direction":2,"pattern":0,"tileId":0},"list":[{"code":230,"indent":0,"parameters":[3]},{"code":232,"indent":0,"parameters":[7,0,1,0,408,350,100,100,0,0,1,true]},{"code":230,"indent":0,"parameters":[3]},{"code":232,"indent":0,"parameters":[7,0,1,0,408,350,100,100,255,0,1,true]},{"code":0,"indent":0,"parameters":[]}],"moveFrequency":3,"moveRoute":{"list":[{"code":0,"parameters":[]}],"repeat":true,"skippable":false,"wait":false},"moveSpeed":3,"moveType":0,"priorityType":0,"stepAnime":false,"through":false,"trigger":4,"walkAnime":true}],"x":1,"y":0}
]
}