{
"autoplayBgm":false,"autoplayBgs":false,"battleback1Name":"","battleback2Name":"","bgm":{"name":"","pan":0,"pitch":100,"volume":90},"bgs":{"name":"","pan":0,"pitch":100,"volume":90},"disableDashing":false,"displayName":"","encounterList":[],"encounterStep":30,"height":13,"note":"","parallaxLoopX":true,"parallaxLoopY":true,"parallaxName":"StarlitSky","parallaxShow":true,"parallaxSx":2,"parallaxSy":2,"scrollType":0,"specifyBattleback":false,"tilesetId":4,"width":17,
"data":[0,0,0,0,0,0,0,0,0,0,0,0,0,0,0,0,0,0,0,0,0,0,0,0,0,0,0,0,0,0,0,0,0,0,0,0,0,0,0,1537,1537,1537,1537,1537,1537,1537,0,0,0,0,0,0,0,0,0,0,1537,1537,1537,1537,1537,1537,1537,0,0,0,0,0,0,0,0,0,0,1537,1537,1537,1537,1537,1537,1537,0,0,0,0,0,0,0,0,0,0,1537,1537,1537,1537,1537,1537,1537,0,0,0,0,0,0,0,0,0,0,1537,1537,1537,1537,1537,1537,1537,0,0,0,0,0,0,0,0,0,0,1545,1545,1545,1537,1545,1545,1545,0,0,0,0,0,0,0,0,0,0,0,0,0,1537,0,0,0,0,0,0,0,0,0,0,0,0,0,0,0,0,1537,0,0,0,0,0,0,0,0,0,0,0,0,0,0,0,0,1537,0,0,0,0,0,0,0,0,0,0,0,7026,7012,7012,7012,7028,1537,7026,7012,7012,7012,7028,0,0,0,0,0,0,7008,6992,6992,6992,7016,1537,7008,6992,6992,6992,7016,0,0,0,0,0,0,0,0,0,0,0,0,0,0,0,0,0,0,0,0,0,0,0,0,0,0,0,0,0,0,0,0,0,0,0,0,0,0,0,0,0,0,0,0,0,0,0,0,0,0,0,0,0,0,0,0,0,0,0,0,0,0,0,0,0,0,0,0,0,0,0,0,0,0,0,0,0,0,0,0,0,0,0,0,0,0,0,0,0,0,0,0,0,0,0,0,0,0,0,0,0,0,0,0,0,0,0,0,0,0,0,0,0,0,0,0,0,0,0,0,0,0,0,0,0,0,0,0,0,0,0,0,0,0,0,0,0,0,0,0,0,0,0,0,0,0,0,0,0,0,0,0,0,0,0,0,0,0,0,0,0,0,0,0,0,0,0,0,0,0,0,0,0,0,0,0,0,0,0,0,0,0,0,0,0,0,0,0,0,0,0,0,0,0,0,0,0,0,0,0,0,0,0,0,0,0,0,0,0,0,0,0,0,0,0,0,0,0,0,0,0,0,0,0,0,0,0,0,0,0,0,0,0,0,0,0,0,0,0,0,0,0,0,0,0,0,0,0,0,0,0,0,0,0,0,0,0,0,0,0,0,0,0,0,0,0,0,0,0,0,0,0,0,0,0,0,0,0,0,0,0,0,0,0,0,0,0,0,0,0,0,0,0,0,0,0,0,0,0,0,0,0,0,0,0,0,0,0,0,0,0,0,0,0,0,0,0,0,0,0,0,0,0,0,0,0,0,0,0,0,0,0,0,0,0,0,0,0,0,0,0,0,0,0,0,0,0,0,0,0,0,0,0,0,0,0,0,0,0,0,0,0,0,0,0,0,0,0,0,0,0,0,0,0,0,0,0,0,0,0,0,0,0,0,0,0,0,0,0,0,0,0,0,0,0,0,0,0,0,0,0,0,0,0,0,0,0,0,0,0,0,0,0,0,0,0,0,0,0,0,0,0,0,0,0,0,0,0,0,0,0,0,0,0,0,0,0,0,0,0,0,0,0,0,0,0,0,0,0,0,0,0,0,0,0,0,0,0,0,0,0,0,0,0,0,0,0,0,0,498,499,500,0,0,0,0,0,0,0,0,0,0,0,0,0,0,506,507,508,0,0,0,0,0,0,0,0,0,0,0,0,0,0,0,0,0,0,0,0,0,0,0,0,0,0,0,0,0,0,321,321,321,321,321,0,0,0,0,0,0,0,0,0,0,0,0,413,413,413,413,413,0,0,0,0,0,0,0,0,0,0,0,0,0,0,0,0,0,0,0,0,0,0,0,0,0,0,0,0,0,0,0,0,0,0,0,0,0,0,0,0,0,0,0,0,0,0,0,0,0,0,0,0,0,0,0,0,0,0,0,0,0,0,0,0,0,0,0,0,0,0,0,0,0,0,0,0,0,0,0,0,0,0,0,0,0,0,0,0,0,0,0,0,0,0,0,0,0,0,0,0,0,0,0,0,0,0,0,0,0,0,0,0,0,0,0,0,0,0,0,0,0,0,0,0,0,0,0,0,0,0,0,0,0,0,0,0,0,0,0,0,0,0,0,0,0,0,0,0,0,0,0,0,0,0,0,0,0,0,0,0,0,0,0,0,0,0,0,0,0,0,0,0,0,0,0,0,0,0,0,0,0,0,0,0,0,0,0,0,0,0,0,0,0,0,0,0,0,0,0,0,0,0,0,0,0,0,0,0,0,0,0,0,0,0,0,0,0,0,0,0,0,0,0,0,0,0,0,0,0,0,0,0,0,0,0,0,0,0,0,0,0,0,0,0,0,0,0,0,0,0,0,0,0,0,0,0,0,0,0,0,0,0,0,0,0,0,0,0,0,0,0,0,0,0,0,0,0,0,0,0,0,0,0,0,0,0,0,0,0,0,0,0,0,0,0,0,0,0,0,0,0,0,0,0,0,0,0,0,0,0,0,0,0,0,0,0,0,0,0,0,0,0,0,0,0,0,0,0,0,0,0,0,0,0,0,0,0,5,0,0,0,0,0,0,0,0,0,0,0,0,0,0,0,0,0,0,0,0,0,0,0,0,0,0,0,0,0,0,0,0,0,0,0,0,0,0,0,0,0,0,0,0,0,0,0,0,0,0,0,0,0,0,0,0,0,0,0,0,0,0,0,0,0,0,0,0,0,0,0,0,0,0,0,0,0,0,0,0,0,0,0,0,0,0,0,0,0,0,0,0,0,0,0,0,0,0,0,0,0,0,0,0,0,0,0,0,0,0,0,0,0,0,0,0,0,0,0,0,0,0,0,0,0,0,0,0,0,0,0,0,0,0,0,0,0,0,0,0,0,0,0,0,0,0,0,0,0,0,0,0,0,0,0,0,0,0,0,0,0,0,0,0,0,0,0,0,0,0,0,0,0,0,0,0,0,0,0,0,0,0,0,0,0,0,0,0,0,0,0,0,0,0,0,0,0,0,0,0,0,0,0,0,0,0,0,0,0,0,0,0,0,0,0,0,0,0,0,0,0,0,0,0,0,0,0,0,0],
"events":[
null,
{"id":1,"name":"EV001","note":"","pages":[{"conditions":{"actorId":1,"actorValid":false,"itemId":1,"itemValid":false,"selfSwitchCh":"A","selfSwitchValid":false,"switch1Id":1,"switch1Valid":false,"switch2Id":1,"switch2Valid":false,"variableId":1,"variableValid":false,"variableValue":0},"directionFix":true,"image":{"tileId":0,"characterName":"!Other2","direction":6,"pattern":1,"characterIndex":7},"list":[{"code":0,"indent":0,"parameters":[]}],"moveFrequency":5,"moveRoute":{"list":[{"code":0,"parameters":[]}],"repeat":true,"skippable":false,"wait":false},"moveSpeed":5,"moveType":0,"priorityType":1,"stepAnime":true,"through":false,"trigger":0,"walkAnime":true}],"x":5,"y":6},
{"id":2,"name":"EV002","note":"","pages":[{"conditions":{"actorId":1,"actorValid":false,"itemId":1,"itemValid":false,"selfSwitchCh":"A","selfSwitchValid":false,"switch1Id":1,"switch1Valid":false,"switch2Id":1,"switch2Valid":false,"variableId":1,"variableValid":false,"variableValue":0},"directionFix":true,"image":{"tileId":0,"characterName":"!Other2","direction":6,"pattern":1,"characterIndex":7},"list":[{"code":0,"indent":0,"parameters":[]}],"moveFrequency":5,"moveRoute":{"list":[{"code":0,"parameters":[]}],"repeat":true,"skippable":false,"wait":false},"moveSpeed":5,"moveType":0,"priorityType":1,"stepAnime":true,"through":false,"trigger":0,"walkAnime":true}],"x":11,"y":6},
{"id":3,"name":"EV003","note":"","pages":[{"conditions":{"actorId":1,"actorValid":false,"itemId":1,"itemValid":false,"selfSwitchCh":"A","selfSwitchValid":false,"switch1Id":1,"switch1Valid":false,"switch2Id":1,"switch2Valid":false,"variableId":1,"variableValid":false,"variableValue":0},"directionFix":true,"image":{"tileId":0,"characterName":"!Flame","direction":4,"pattern":1,"characterIndex":0},"list":[{"code":0,"indent":0,"parameters":[]}],"moveFrequency":5,"moveRoute":{"list":[{"code":0,"parameters":[]}],"repeat":true,"skippable":false,"wait":false},"moveSpeed":5,"moveType":0,"priorityType":1,"stepAnime":true,"through":false,"trigger":0,"walkAnime":true}],"x":6,"y":8},
{"id":4,"name":"EV004","note":"","pages":[{"conditions":{"actorId":1,"actorValid":false,"itemId":1,"itemValid":false,"selfSwitchCh":"A","selfSwitchValid":false,"switch1Id":1,"switch1Valid":false,"switch2Id":1,"switch2Valid":false,"variableId":1,"variableValid":false,"variableValue":0},"directionFix":true,"image":{"tileId":0,"characterName":"!Flame","direction":4,"pattern":1,"characterIndex":0},"list":[{"code":0,"indent":0,"parameters":[]}],"moveFrequency":5,"moveRoute":{"list":[{"code":0,"parameters":[]}],"repeat":true,"skippable":false,"wait":false},"moveSpeed":5,"moveType":0,"priorityType":1,"stepAnime":true,"through":false,"trigger":0,"walkAnime":true}],"x":10,"y":8},
{"id":5,"name":"EV005","note":"","pages":[{"conditions":{"actorId":1,"actorValid":false,"itemId":1,"itemValid":false,"selfSwitchCh":"A","selfSwitchValid":false,"switch1Id":1,"switch1Valid":false,"switch2Id":1,"switch2Valid":false,"variableId":1,"variableValid":false,"variableValue":0},"directionFix":true,"image":{"tileId":0,"characterName":"!Flame","direction":4,"pattern":1,"characterIndex":0},"list":[{"code":0,"indent":0,"parameters":[]}],"moveFrequency":5,"moveRoute":{"list":[{"code":0,"parameters":[]}],"repeat":true,"skippable":false,"wait":false},"moveSpeed":5,"moveType":0,"priorityType":1,"stepAnime":true,"through":false,"trigger":0,"walkAnime":true}],"x":10,"y":9},
{"id":6,"name":"EV006","note":"","pages":[{"conditions":{"actorId":1,"actorValid":false,"itemId":1,"itemValid":false,"selfSwitchCh":"A","selfSwitchValid":false,"switch1Id":1,"switch1Valid":false,"switch2Id":1,"switch2Valid":false,"variableId":1,"variableValid":false,"variableValue":0},"directionFix":true,"image":{"tileId":0,"characterName":"!Flame","direction":4,"pattern":1,"characterIndex":0},"list":[{"code":0,"indent":0,"parameters":[]}],"moveFrequency":5,"moveRoute":{"list":[{"code":0,"parameters":[]}],"repeat":true,"skippable":false,"wait":false},"moveSpeed":5,"moveType":0,"priorityType":1,"stepAnime":true,"through":false,"trigger":0,"walkAnime":true}],"x":6,"y":9},
{"id":7,"name":"魔王","note":"","pages":[{"conditions":{"actorId":1,"actorValid":false,"itemId":1,"itemValid":false,"selfSwitchCh":"A","selfSwitchValid":false,"switch1Id":1,"switch1Valid":false,"switch2Id":1,"switch2Valid":false,"variableId":1,"variableValid":false,"variableValue":0},"directionFix":true,"image":{"tileId":0,"characterName":"$BigMonster2","direction":8,"pattern":1,"characterIndex":0},"list":[{"code":0,"indent":0,"parameters":[]}],"moveFrequency":5,"moveRoute":{"list":[{"code":0,"parameters":[]}],"repeat":true,"skippable":false,"wait":false},"moveSpeed":5,"moveType":0,"priorityType":1,"stepAnime":true,"through":false,"trigger":0,"walkAnime":true}],"x":8,"y":2},
{"id":8,"name":"EV008","note":"","pages":[{"conditions":{"actorId":1,"actorValid":false,"itemId":1,"itemValid":false,"selfSwitchCh":"A","selfSwitchValid":false,"switch1Id":1,"switch1Valid":false,"switch2Id":1,"switch2Valid":false,"variableId":1,"variableValid":false,"variableValue":0},"directionFix":true,"image":{"tileId":0,"characterName":"!Other2","direction":6,"pattern":1,"characterIndex":7},"list":[{"code":0,"indent":0,"parameters":[]}],"moveFrequency":5,"moveRoute":{"list":[{"code":0,"parameters":[]}],"repeat":true,"skippable":false,"wait":false},"moveSpeed":5,"moveType":0,"priorityType":1,"stepAnime":true,"through":false,"trigger":0,"walkAnime":true}],"x":11,"y":2},
{"id":9,"name":"EV009","note":"","pages":[{"conditions":{"actorId":1,"actorValid":false,"itemId":1,"itemValid":false,"selfSwitchCh":"A","selfSwitchValid":false,"switch1Id":1,"switch1Valid":false,"switch2Id":1,"switch2Valid":false,"variableId":1,"variableValid":false,"variableValue":0},"directionFix":true,"image":{"tileId":0,"characterName":"!Other2","direction":6,"pattern":1,"characterIndex":7},"list":[{"code":0,"indent":0,"parameters":[]}],"moveFrequency":5,"moveRoute":{"list":[{"code":0,"parameters":[]}],"repeat":true,"skippable":false,"wait":false},"moveSpeed":5,"moveType":0,"priorityType":1,"stepAnime":true,"through":false,"trigger":0,"walkAnime":true}],"x":5,"y":2},
{"id":10,"name":"EV010","note":"","pages":[{"conditions":{"actorId":1,"actorValid":false,"itemId":1,"itemValid":false,"selfSwitchCh":"A","selfSwitchValid":false,"switch1Id":1,"switch1Valid":false,"switch2Id":1,"switch2Valid":false,"variableId":1,"variableValid":false,"variableValue":0},"directionFix":false,"image":{"characterIndex":0,"characterName":"","direction":2,"pattern":0,"tileId":0},"list":[{"code":356,"indent":0,"parameters":["フキダシウィンドウ無効化"]},{"code":101,"indent":0,"parameters":["MVmaoh",0,0,2]},{"code":401,"indent":0,"parameters":["\\>魔王"]},{"code":401,"indent":0,"parameters":["\\>「どうも私が面接官の魔王です」"]},{"code":401,"indent":0,"parameters":["\\>"]},{"code":401,"indent":0,"parameters":["\\>　"]},{"code":101,"indent":0,"parameters":["MVmaoh",0,0,2]},{"code":401,"indent":0,"parameters":["\\>魔王"]},{"code":401,"indent":0,"parameters":["\\>「どうぞ、お座りください」"]},{"code":401,"indent":0,"parameters":["\\>"]},{"code":401,"indent":0,"parameters":["\\>　"]},{"code":101,"indent":0,"parameters":["Monster",1,0,2]},{"code":401,"indent":0,"parameters":["\\>スライム"]},{"code":401,"indent":0,"parameters":["\\>「はいッ！！！」"]},{"code":401,"indent":0,"parameters":["\\>"]},{"code":401,"indent":0,"parameters":["\\>"]},{"code":205,"indent":0,"parameters":[11,{"list":[{"code":4,"indent":null},{"code":4,"indent":null},{"code":0}],"repeat":false,"skippable":false,"wait":false}]},{"code":505,"indent":0,"parameters":[{"code":4,"indent":null}]},{"code":505,"indent":0,"parameters":[{"code":4,"indent":null}]},{"code":205,"indent":0,"parameters":[12,{"list":[{"code":4,"indent":null},{"code":4,"indent":null},{"code":7,"indent":null},{"code":0}],"repeat":false,"skippable":false,"wait":false}]},{"code":505,"indent":0,"parameters":[{"code":4,"indent":null}]},{"code":505,"indent":0,"parameters":[{"code":4,"indent":null}]},{"code":505,"indent":0,"parameters":[{"code":7,"indent":null}]},{"code":205,"indent":0,"parameters":[13,{"list":[{"code":4,"indent":null},{"code":4,"indent":null},{"code":4,"indent":null},{"code":8,"indent":null},{"code":0}],"repeat":false,"skippable":false,"wait":false}]},{"code":505,"indent":0,"parameters":[{"code":4,"indent":null}]},{"code":505,"indent":0,"parameters":[{"code":4,"indent":null}]},{"code":505,"indent":0,"parameters":[{"code":4,"indent":null}]},{"code":505,"indent":0,"parameters":[{"code":8,"indent":null}]},{"code":205,"indent":0,"parameters":[14,{"list":[{"code":4,"indent":null},{"code":4,"indent":null},{"code":4,"indent":null},{"code":4,"indent":null},{"code":7,"indent":null},{"code":2,"indent":null},{"code":19,"indent":null},{"code":0}],"repeat":false,"skippable":false,"wait":false}]},{"code":505,"indent":0,"parameters":[{"code":4,"indent":null}]},{"code":505,"indent":0,"parameters":[{"code":4,"indent":null}]},{"code":505,"indent":0,"parameters":[{"code":4,"indent":null}]},{"code":505,"indent":0,"parameters":[{"code":4,"indent":null}]},{"code":505,"indent":0,"parameters":[{"code":7,"indent":null}]},{"code":505,"indent":0,"parameters":[{"code":2,"indent":null}]},{"code":505,"indent":0,"parameters":[{"code":19,"indent":null}]},{"code":205,"indent":0,"parameters":[15,{"list":[{"code":4,"indent":null},{"code":4,"indent":null},{"code":4,"indent":null},{"code":4,"indent":null},{"code":4,"indent":null},{"code":8,"indent":null},{"code":3,"indent":null},{"code":19,"indent":null},{"code":0}],"repeat":false,"skippable":false,"wait":true}]},{"code":505,"indent":0,"parameters":[{"code":4,"indent":null}]},{"code":505,"indent":0,"parameters":[{"code":4,"indent":null}]},{"code":505,"indent":0,"parameters":[{"code":4,"indent":null}]},{"code":505,"indent":0,"parameters":[{"code":4,"indent":null}]},{"code":505,"indent":0,"parameters":[{"code":4,"indent":null}]},{"code":505,"indent":0,"parameters":[{"code":8,"indent":null}]},{"code":505,"indent":0,"parameters":[{"code":3,"indent":null}]},{"code":505,"indent":0,"parameters":[{"code":19,"indent":null}]},{"code":225,"indent":0,"parameters":[9,9,30,false]},{"code":101,"indent":0,"parameters":["Monster",1,0,2]},{"code":401,"indent":0,"parameters":["\\>スライム"]},{"code":401,"indent":0,"parameters":["\\>（一次面接から役員が出てきたぞッ…！！"]},{"code":401,"indent":0,"parameters":["\\>　もしや俺達\\c[2]期待\\c[0]されてるのでは！？）"]},{"code":401,"indent":0,"parameters":["\\>"]},{"code":101,"indent":0,"parameters":["Monster",1,0,2]},{"code":401,"indent":0,"parameters":["\\>スライム"]},{"code":401,"indent":0,"parameters":["\\>（うっほう！！"]},{"code":401,"indent":0,"parameters":["\\>　こりゃ頑張るっきゃないＺＥ！！）"]},{"code":401,"indent":0,"parameters":["\\>"]},{"code":250,"indent":0,"parameters":[{"name":"Mate_mac_pipu","volume":90,"pitch":100,"pan":0}]},{"code":101,"indent":0,"parameters":["MVmaoh",0,0,2]},{"code":401,"indent":0,"parameters":["\\>魔王"]},{"code":401,"indent":0,"parameters":["\\>（\\c[2]部下の人件費\\c[0]も馬鹿になんないし、"]},{"code":401,"indent":0,"parameters":["\\>　休日くらい私が面接せんとなぁ…"]},{"code":401,"indent":0,"parameters":["\\>　ここんとこ赤字だし）"]},{"code":242,"indent":0,"parameters":[1]},{"code":101,"indent":0,"parameters":["MVmaoh",0,0,2]},{"code":401,"indent":0,"parameters":["\\>魔王"]},{"code":401,"indent":0,"parameters":["\\>「えー、まず軽く当社の説明から"]},{"code":401,"indent":0,"parameters":["\\>　させていただきます。」"]},{"code":401,"indent":0,"parameters":["\\>　"]},{"code":241,"indent":0,"parameters":[{"name":"Theme5","volume":40,"pitch":100,"pan":0}]},{"code":101,"indent":0,"parameters":["MVmaoh",0,0,2]},{"code":401,"indent":0,"parameters":["\\>魔王"]},{"code":401,"indent":0,"parameters":["\\>「当社は完全なる実力主義。"]},{"code":401,"indent":0,"parameters":["\\>　力が物を言う世界です。」"]},{"code":401,"indent":0,"parameters":["\\>　"]},{"code":101,"indent":0,"parameters":["MVmaoh",0,0,2]},{"code":401,"indent":0,"parameters":["\\>魔王"]},{"code":401,"indent":0,"parameters":["\\>「結果を出した方には相応の手当と待遇を"]},{"code":401,"indent":0,"parameters":["\\>　保障いたします。」"]},{"code":401,"indent":0,"parameters":["\\>　"]},{"code":250,"indent":0,"parameters":[{"name":"Mate_SDK2coin","volume":90,"pitch":100,"pan":0}]},{"code":101,"indent":0,"parameters":["MVmaoh",0,0,2]},{"code":401,"indent":0,"parameters":["\\>魔王"]},{"code":401,"indent":0,"parameters":["\\>「また昨年の\\c[2]年次有給休暇の"]},{"code":401,"indent":0,"parameters":["\\>　消化率は100％\\c[0]でした。」"]},{"code":401,"indent":0,"parameters":["\\>　"]},{"code":250,"indent":0,"parameters":[{"name":"Mate_SDK2coin","volume":90,"pitch":100,"pan":0}]},{"code":101,"indent":0,"parameters":["MVmaoh",0,0,2]},{"code":401,"indent":0,"parameters":["\\>魔王"]},{"code":401,"indent":0,"parameters":["\\>「加えて、\\c[2]昇給は毎年1千ゴールド、"]},{"code":401,"indent":0,"parameters":["\\>　賞与は年平均6か月分支給\\c[0]されます。」"]},{"code":401,"indent":0,"parameters":["\\>　"]},{"code":250,"indent":0,"parameters":[{"name":"Mate_SDK2coin","volume":90,"pitch":100,"pan":0}]},{"code":101,"indent":0,"parameters":["MVmaoh",0,0,2]},{"code":401,"indent":0,"parameters":["\\>魔王"]},{"code":401,"indent":0,"parameters":["\\>「休日については、\\c[2]完全週休二日制、"]},{"code":401,"indent":0,"parameters":["\\>　夏季休暇、冬期休暇\\c[0]を設けております。」"]},{"code":401,"indent":0,"parameters":["\\>　"]},{"code":101,"indent":0,"parameters":["Monster",1,0,2]},{"code":401,"indent":0,"parameters":["\\>スライム"]},{"code":401,"indent":0,"parameters":["\\>（う、噂には聞いてたが"]},{"code":401,"indent":0,"parameters":["\\>　マジで好待遇すぎる…）"]},{"code":401,"indent":0,"parameters":["\\>"]},{"code":101,"indent":0,"parameters":["MVmaoh",0,0,2]},{"code":401,"indent":0,"parameters":["\\>魔王"]},{"code":401,"indent":0,"parameters":["\\>「さて、続いてあなた方にお願いする"]},{"code":401,"indent":0,"parameters":["\\>　業務内容についてですが」"]},{"code":401,"indent":0,"parameters":["\\>　"]},{"code":101,"indent":0,"parameters":["MVmaoh",0,0,2]},{"code":401,"indent":0,"parameters":["\\>魔王"]},{"code":401,"indent":0,"parameters":["\\>「あなた方には日々、遠方からお越しの"]},{"code":401,"indent":0,"parameters":["\\>　勇者様に対し\\c[2]提案戦闘\\c[0]をしていただきます」"]},{"code":401,"indent":0,"parameters":["\\>　"]},{"code":101,"indent":0,"parameters":["Monster",1,0,2]},{"code":401,"indent":0,"parameters":["\\>スライム"]},{"code":401,"indent":0,"parameters":["\\>「\\c[2]提案戦闘\\c[0]とは具体的にはどのような？」"]},{"code":401,"indent":0,"parameters":["\\>"]},{"code":401,"indent":0,"parameters":["\\>"]},{"code":101,"indent":0,"parameters":["MVmaoh",0,0,2]},{"code":401,"indent":0,"parameters":["\\>魔王"]},{"code":401,"indent":0,"parameters":["\\>「勇者様も、昨今のありがちなＲＰＧ戦闘に"]},{"code":401,"indent":0,"parameters":["\\>　\\c[2]マンネリ\\c[0]を感じています」"]},{"code":401,"indent":0,"parameters":["\\>　"]},{"code":101,"indent":0,"parameters":["MVmaoh",0,0,2]},{"code":401,"indent":0,"parameters":["\\>魔王"]},{"code":401,"indent":0,"parameters":["\\>「そこで、我々から戦闘方法について"]},{"code":401,"indent":0,"parameters":["\\>　いくつか提案を行い、その後戦闘という"]},{"code":401,"indent":0,"parameters":["\\>　流れをとっています」"]},{"code":101,"indent":0,"parameters":["MVmaoh",0,0,2]},{"code":401,"indent":0,"parameters":["\\>魔王"]},{"code":401,"indent":0,"parameters":["\\>「当社で対応している戦闘方法は多く、"]},{"code":401,"indent":0,"parameters":["\\>　\\c[6]サイドビュー戦闘、シームレス戦闘、"]},{"code":401,"indent":0,"parameters":["\\>　リニアモーションバトル…etc…"]},{"code":101,"indent":0,"parameters":["MVmaoh",0,0,2]},{"code":401,"indent":0,"parameters":["\\>魔王"]},{"code":401,"indent":0,"parameters":["\\>「しかし大事なのは勇者様が何を求めて"]},{"code":401,"indent":0,"parameters":["\\>　おられるか、です。」"]},{"code":401,"indent":0,"parameters":["\\>　"]},{"code":250,"indent":0,"parameters":[{"name":"Mate_kiran","volume":90,"pitch":150,"pan":0}]},{"code":101,"indent":0,"parameters":["MVmaoh",0,0,2]},{"code":401,"indent":0,"parameters":["\\>魔王"]},{"code":401,"indent":0,"parameters":["\\>「分かりますか？」"]},{"code":401,"indent":0,"parameters":["\\>　"]},{"code":401,"indent":0,"parameters":["\\>　"]},{"code":250,"indent":0,"parameters":[{"name":"Mate_pig","volume":90,"pitch":150,"pan":0}]},{"code":225,"indent":0,"parameters":[9,9,30,false]},{"code":101,"indent":0,"parameters":["Monster",1,0,2]},{"code":401,"indent":0,"parameters":["\\>スライム"]},{"code":401,"indent":0,"parameters":["\\>「分かりますッ！！"]},{"code":401,"indent":0,"parameters":["\\>　僕らも日々、どうやったら面白い戦闘が"]},{"code":401,"indent":0,"parameters":["\\>　展開できるのか考えてますッ！！」"]},{"code":242,"indent":0,"parameters":[3]},{"code":101,"indent":0,"parameters":["MVmaoh",0,0,2]},{"code":401,"indent":0,"parameters":["\\>魔王"]},{"code":401,"indent":0,"parameters":["\\>「しかし、口ではなんとでもいえる。"]},{"code":401,"indent":0,"parameters":["\\>　何か実績はお持ちですか？」"]},{"code":401,"indent":0,"parameters":["\\>　"]},{"code":225,"indent":0,"parameters":[9,9,30,false]},{"code":101,"indent":0,"parameters":["Monster",1,0,2]},{"code":401,"indent":0,"parameters":["\\>スライム"]},{"code":401,"indent":0,"parameters":["\\>（うっ…！流石役員…。"]},{"code":401,"indent":0,"parameters":["\\>　本質を突いてくるぜ…！！）"]},{"code":401,"indent":0,"parameters":["\\>"]},{"code":242,"indent":0,"parameters":[2]},{"code":230,"indent":0,"parameters":[60]},{"code":101,"indent":0,"parameters":["Monster",1,0,2]},{"code":401,"indent":0,"parameters":["\\>スライム"]},{"code":401,"indent":0,"parameters":["\\>「…実績はあります」"]},{"code":401,"indent":0,"parameters":["\\>"]},{"code":401,"indent":0,"parameters":["\\>"]},{"code":101,"indent":0,"parameters":["Monster",1,0,2]},{"code":401,"indent":0,"parameters":["\\>スライム"]},{"code":401,"indent":0,"parameters":["\\>「ですが、ここで実績を口にしたところで"]},{"code":401,"indent":0,"parameters":["\\>　それが本当かどうかの判断は"]},{"code":401,"indent":0,"parameters":["\\>　ここではできません」"]},{"code":101,"indent":0,"parameters":["MVmaoh",0,0,2]},{"code":401,"indent":0,"parameters":["\\>魔王"]},{"code":401,"indent":0,"parameters":["\\>「そうですね」"]},{"code":401,"indent":0,"parameters":["\\>　"]},{"code":401,"indent":0,"parameters":["\\>　"]},{"code":101,"indent":0,"parameters":["Monster",1,0,2]},{"code":401,"indent":0,"parameters":["\\>スライム"]},{"code":401,"indent":0,"parameters":["\\>「そこで、私から１つ提案があります」"]},{"code":401,"indent":0,"parameters":["\\>　"]},{"code":401,"indent":0,"parameters":["\\>　"]},{"code":250,"indent":0,"parameters":[{"name":"Earth3","volume":90,"pitch":100,"pan":0}]},{"code":225,"indent":0,"parameters":[9,5,30,false]},{"code":101,"indent":0,"parameters":["Monster",1,0,2]},{"code":401,"indent":0,"parameters":["\\>スライム"]},{"code":401,"indent":0,"parameters":["\\>「今、ここで実技試験を行わせて下さい！」"]},{"code":401,"indent":0,"parameters":["\\>"]},{"code":401,"indent":0,"parameters":["\\>"]},{"code":250,"indent":0,"parameters":[{"name":"Earth3","volume":90,"pitch":100,"pan":0}]},{"code":225,"indent":0,"parameters":[9,5,30,false]},{"code":101,"indent":0,"parameters":["Monster",1,0,2]},{"code":401,"indent":0,"parameters":["\\>スライム"]},{"code":401,"indent":0,"parameters":["\\>「私達の今までの成果を実技という形で"]},{"code":401,"indent":0,"parameters":["\\>　見て、評価していただきたいのですッ！」"]},{"code":101,"indent":0,"parameters":["MVmaoh",0,0,2]},{"code":401,"indent":0,"parameters":["\\>魔王"]},{"code":401,"indent":0,"parameters":["\\>「ほう…」"]},{"code":401,"indent":0,"parameters":["\\>（久々にバイタリティのある若者だな…）"]},{"code":401,"indent":0,"parameters":["\\>　"]},{"code":101,"indent":0,"parameters":["MVmaoh",0,0,2]},{"code":401,"indent":0,"parameters":["\\>魔王"]},{"code":401,"indent":0,"parameters":["\\>「いいでしょう、では実技試験を認めます」"]},{"code":401,"indent":0,"parameters":["\\>"]},{"code":401,"indent":0,"parameters":["\\>　"]},{"code":101,"indent":0,"parameters":["Monster",1,0,2]},{"code":401,"indent":0,"parameters":["\\>スライム"]},{"code":401,"indent":0,"parameters":["\\>「ありがとうございますッ！！"]},{"code":401,"indent":0,"parameters":["\\>　では、早速！！！」"]},{"code":230,"indent":0,"parameters":[5]},{"code":118,"indent":0,"parameters":["1"]},{"code":250,"indent":0,"parameters":[{"name":"Battle4","volume":80,"pitch":70,"pan":0}]},{"code":356,"indent":0,"parameters":["dizzy_effect : 7 : 150 : 0 : 150 : true"]},{"code":223,"indent":0,"parameters":[[255,255,255,0],180,false]},{"code":230,"indent":0,"parameters":[20]},{"code":241,"indent":0,"parameters":[{"name":"sagaf_battle1","volume":60,"pitch":100,"pan":0}]},{"code":230,"indent":0,"parameters":[160]},{"code":201,"indent":0,"parameters":[0,18,15,15,0,2]},{"code":0,"indent":0,"parameters":[]}],"moveFrequency":3,"moveRoute":{"list":[{"code":0,"parameters":[]}],"repeat":true,"skippable":false,"wait":false},"moveSpeed":3,"moveType":0,"priorityType":0,"stepAnime":false,"through":false,"trigger":3,"walkAnime":true}],"x":0,"y":0},
{"id":11,"name":"すらいむ","note":"","pages":[{"conditions":{"actorId":1,"actorValid":false,"itemId":1,"itemValid":false,"selfSwitchCh":"A","selfSwitchValid":false,"switch1Id":1,"switch1Valid":false,"switch2Id":1,"switch2Valid":false,"variableId":1,"variableValid":false,"variableValue":0},"directionFix":false,"image":{"tileId":0,"characterName":"Monster","direction":8,"pattern":1,"characterIndex":1},"list":[{"code":0,"indent":0,"parameters":[]}],"moveFrequency":5,"moveRoute":{"list":[{"code":0,"parameters":[]}],"repeat":true,"skippable":false,"wait":false},"moveSpeed":3,"moveType":0,"priorityType":1,"stepAnime":false,"through":true,"trigger":0,"walkAnime":true}],"x":8,"y":7},
{"id":12,"name":"ようせい","note":"","pages":[{"conditions":{"actorId":1,"actorValid":false,"itemId":1,"itemValid":false,"selfSwitchCh":"A","selfSwitchValid":false,"switch1Id":1,"switch1Valid":false,"switch2Id":1,"switch2Valid":false,"variableId":1,"variableValid":false,"variableValue":0},"directionFix":false,"image":{"tileId":0,"characterName":"Nature","direction":8,"pattern":1,"characterIndex":5},"list":[{"code":0,"indent":0,"parameters":[]}],"moveFrequency":5,"moveRoute":{"list":[{"code":0,"parameters":[]}],"repeat":true,"skippable":false,"wait":false},"moveSpeed":3,"moveType":0,"priorityType":1,"stepAnime":true,"through":true,"trigger":0,"walkAnime":true}],"x":8,"y":8},
{"id":13,"name":"りっち","note":"","pages":[{"conditions":{"actorId":1,"actorValid":false,"itemId":1,"itemValid":false,"selfSwitchCh":"A","selfSwitchValid":false,"switch1Id":1,"switch1Valid":false,"switch2Id":1,"switch2Valid":false,"variableId":1,"variableValid":false,"variableValue":0},"directionFix":false,"image":{"tileId":0,"characterName":"Monster","direction":8,"pattern":1,"characterIndex":6},"list":[{"code":0,"indent":0,"parameters":[]}],"moveFrequency":5,"moveRoute":{"list":[{"code":0,"parameters":[]}],"repeat":true,"skippable":false,"wait":false},"moveSpeed":3,"moveType":0,"priorityType":1,"stepAnime":true,"through":true,"trigger":0,"walkAnime":true}],"x":8,"y":9},
{"id":14,"name":"さいばー","note":"","pages":[{"conditions":{"actorId":1,"actorValid":false,"itemId":1,"itemValid":false,"selfSwitchCh":"A","selfSwitchValid":false,"switch1Id":1,"switch1Valid":false,"switch2Id":1,"switch2Valid":false,"variableId":1,"variableValid":false,"variableValue":0},"directionFix":false,"image":{"tileId":0,"characterName":"Evil","direction":8,"pattern":1,"characterIndex":5},"list":[{"code":0,"indent":0,"parameters":[]}],"moveFrequency":5,"moveRoute":{"list":[{"code":0,"parameters":[]}],"repeat":true,"skippable":false,"wait":false},"moveSpeed":3,"moveType":0,"priorityType":1,"stepAnime":false,"through":true,"trigger":0,"walkAnime":true}],"x":8,"y":10},
{"id":15,"name":"80old","note":"","pages":[{"conditions":{"actorId":1,"actorValid":false,"itemId":1,"itemValid":false,"selfSwitchCh":"A","selfSwitchValid":false,"switch1Id":1,"switch1Valid":false,"switch2Id":1,"switch2Valid":false,"variableId":1,"variableValid":false,"variableValue":0},"directionFix":false,"image":{"tileId":0,"characterName":"haroldo80","direction":8,"pattern":1,"characterIndex":0},"list":[{"code":0,"indent":0,"parameters":[]}],"moveFrequency":5,"moveRoute":{"list":[{"code":0,"parameters":[]}],"repeat":true,"skippable":false,"wait":false},"moveSpeed":3,"moveType":0,"priorityType":1,"stepAnime":false,"through":true,"trigger":0,"walkAnime":true}],"x":8,"y":11}
]
}