{
"autoplayBgm":true,"autoplayBgs":true,"battleback1Name":"","battleback2Name":"","bgm":{"name":"","pan":0,"pitch":100,"volume":90},"bgs":{"name":"","pan":0,"pitch":100,"volume":90},"disableDashing":false,"displayName":"","encounterList":[],"encounterStep":30,"height":13,"note":"","parallaxLoopX":false,"parallaxLoopY":false,"parallaxName":"Mountains2","parallaxShow":true,"parallaxSx":0,"parallaxSy":0,"scrollType":0,"specifyBattleback":false,"tilesetId":4,"width":17,
"data":[0,0,0,0,0,0,7032,7020,7020,7020,7030,0,0,0,0,0,0,0,0,0,0,0,7034,7379,7378,7378,7378,7382,7034,0,0,0,0,0,0,0,0,0,0,7024,7377,7376,7376,7376,7380,7024,0,0,0,0,0,0,0,0,0,0,7024,7385,7384,7384,7384,7388,7024,0,0,0,0,0,0,0,0,0,1559,7009,7013,7025,7025,7025,7014,7018,1559,0,0,0,0,0,0,0,1559,1559,7032,7030,7379,7378,7382,7032,7030,1559,1559,0,0,0,0,0,0,1559,1559,7379,7382,7377,7376,7380,7379,7382,1559,1559,0,0,0,0,0,0,1559,1559,7385,7388,7385,7384,7388,7385,7388,1559,1559,0,0,0,0,0,0,1559,1559,1559,1559,1559,1559,1559,1559,1559,1559,1559,0,0,0,0,0,0,6623,6611,6611,6614,1559,1559,1559,6611,6614,6615,6623,0,0,0,0,0,0,0,6621,6609,6612,1604,1605,1606,6609,6612,6621,0,0,0,0,0,0,0,0,0,6617,6620,1606,1606,1606,6617,6620,0,0,0,0,0,0,0,0,0,0,0,0,1559,1559,1559,0,0,0,0,0,0,0,0,0,0,0,0,0,0,0,0,0,0,0,0,0,0,0,0,0,0,0,0,0,0,0,0,0,0,0,0,0,0,0,0,0,0,0,0,0,0,0,0,0,0,0,0,0,0,0,0,0,0,0,0,0,0,0,0,0,0,0,0,0,0,0,0,0,0,0,0,0,0,0,0,0,0,0,0,0,0,0,0,0,0,0,0,0,0,0,0,0,0,0,0,0,0,0,0,0,0,0,0,0,0,0,0,0,0,0,0,0,0,0,0,0,0,0,0,0,0,0,0,0,0,0,0,0,0,0,0,0,0,0,0,0,0,0,0,0,0,0,0,0,0,0,0,0,0,0,0,0,0,0,0,0,0,0,0,0,0,0,0,0,0,0,0,0,0,0,0,0,0,0,0,0,0,0,0,0,0,0,0,0,0,0,0,0,0,0,0,0,0,0,0,0,0,0,0,0,0,0,0,0,0,0,0,0,0,0,0,0,0,0,0,0,0,0,0,0,0,0,0,0,0,0,0,0,0,0,0,0,0,0,0,0,0,0,0,0,0,0,0,0,0,0,0,0,0,0,0,0,0,0,0,0,0,0,0,0,0,0,0,0,0,0,0,0,0,0,0,0,0,0,0,0,0,0,0,0,0,0,0,0,0,0,0,0,0,0,0,0,0,0,0,0,0,0,0,0,0,0,0,0,0,0,0,0,0,0,0,77,0,0,0,0,0,0,0,0,0,77,0,0,0,0,0,0,77,0,0,0,0,0,0,0,0,0,77,0,0,0,0,0,0,77,0,0,0,0,0,0,0,0,0,77,0,0,0,0,0,0,0,0,0,0,0,0,0,0,0,0,0,0,0,0,0,0,0,0,0,0,0,0,0,0,0,0,0,0,0,0,0,0,0,0,0,0,0,0,0,0,0,0,0,0,0,0,0,0,0,0,0,0,0,0,0,0,0,0,0,0,0,0,0,0,0,0,0,0,0,0,0,0,0,0,0,0,0,0,0,0,0,0,0,0,0,0,0,0,0,0,0,0,0,0,0,0,0,0,0,0,0,0,0,318,0,0,0,0,0,0,0,318,0,0,0,0,0,0,0,0,326,0,0,419,0,419,0,0,326,0,0,0,0,0,0,0,0,264,0,0,427,0,427,0,0,264,0,0,0,0,0,0,0,69,272,0,0,0,0,0,0,0,272,69,0,0,0,0,0,0,69,318,0,0,486,0,486,0,0,318,69,0,0,0,0,0,0,69,326,0,0,494,129,494,0,0,326,69,0,0,0,0,0,0,69,264,190,191,69,137,69,190,191,264,69,0,0,0,0,0,0,77,272,198,199,77,0,77,198,199,272,77,0,0,0,0,0,0,0,0,0,0,0,0,0,0,0,0,0,0,0,0,0,0,0,0,0,0,0,0,0,0,0,0,0,0,0,0,0,0,0,0,0,0,0,0,0,0,0,0,0,0,0,0,0,0,0,0,0,0,0,0,0,0,0,0,0,0,0,0,0,0,0,0,0,0,0,0,0,0,0,0,0,0,0,0,0,0,0,0,0,0,0,0,0,0,0,0,0,0,0,0,0,0,0,0,0,0,0,0,0,0,0,0,0,0,0,0,0,0,0,0,0,0,0,0,0,0,0,0,0,0,0,0,0,0,0,0,0,0,0,0,0,0,0,0,0,0,0,0,0,0,0,5,0,0,0,0,0,0,0,0,0,0,0,0,0,0,0,0,5,0,0,0,0,0,0,0,0,0,0,0,0,0,0,0,0,5,0,0,0,0,0,0,0,0,0,0,0,0,0,0,0,0,5,0,0,0,0,0,0,0,0,0,0,0,0,0,0,0,0,0,0,0,0,0,0,0,0,0,0,0,0,0,0,0,0,0,0,0,0,0,0,0,0,0,0,0,0,0,5,0,0,0,0,0,0,0,0,0,0,0,0,0,0,0,0,5,0,0,0,0,0,0,0,0,0,0,0,0,0,0,0,0,0,0,0,0,0,0,0,0,0,0,0,0,0,0,0,0,0,0,0,0,0,0,0,0,0,0,0,0,0,0,0,0,0,0,0,0,0,0,0,0,0,0,0,0,0,0,0,0,0,0,0,0,0,0,0,0,0,0,0,0,0,0,0,0,0,0,0,0,0,0,0,0,0,0,0,0,0,0,0,0,0,0,0,0,0,0,0,0,0,0,0,0,0,0,0,0,0,0,0,0,0,0,0,0,0,0,0,0,0,0,0,0,0,0,0,0,0,0,0,0,0,0,0,0,0,0,0,0,0,0,0,0,0,0,0,0,0,0,0,0,0,0,0,0,0,0,0,0,0,0,0,0,0,0,0,0,0,0,0,0,0,0,0,0,0,0,0,0,0,0,0,0,0,0,0,0,0,0,0,0,0,0,0,0,0,0,0,0,0,0,0,0,0,0,0,0,0,0,0,0,0,0,0,0,0,0,0,0,0,0,0,0,0,0,0,0,0,0,0,0,0,0,0,0,0,0,0,0,0,0,0],
"events":[
null,
{"id":1,"name":"EV001","note":"","pages":[{"conditions":{"actorId":1,"actorValid":false,"itemId":1,"itemValid":false,"selfSwitchCh":"A","selfSwitchValid":false,"switch1Id":1,"switch1Valid":false,"switch2Id":1,"switch2Valid":false,"variableId":1,"variableValid":false,"variableValue":0},"directionFix":false,"image":{"tileId":0,"characterName":"Monster","direction":8,"pattern":1,"characterIndex":1},"list":[{"code":0,"indent":0,"parameters":[]}],"moveFrequency":3,"moveRoute":{"list":[{"code":0,"parameters":[]}],"repeat":true,"skippable":false,"wait":false},"moveSpeed":3,"moveType":0,"priorityType":1,"stepAnime":false,"through":false,"trigger":0,"walkAnime":true}],"x":8,"y":9},
{"id":2,"name":"EV002","note":"","pages":[{"conditions":{"actorId":1,"actorValid":false,"itemId":1,"itemValid":false,"selfSwitchCh":"A","selfSwitchValid":false,"switch1Id":1,"switch1Valid":false,"switch2Id":1,"switch2Valid":false,"variableId":1,"variableValid":false,"variableValue":0},"directionFix":false,"image":{"tileId":0,"characterName":"Nature","direction":8,"pattern":1,"characterIndex":5},"list":[{"code":0,"indent":0,"parameters":[]}],"moveFrequency":3,"moveRoute":{"list":[{"code":0,"parameters":[]}],"repeat":true,"skippable":false,"wait":false},"moveSpeed":3,"moveType":0,"priorityType":1,"stepAnime":true,"through":false,"trigger":0,"walkAnime":true}],"x":7,"y":10},
{"id":3,"name":"EV003","note":"","pages":[{"conditions":{"actorId":1,"actorValid":false,"itemId":1,"itemValid":false,"selfSwitchCh":"A","selfSwitchValid":false,"switch1Id":1,"switch1Valid":false,"switch2Id":1,"switch2Valid":false,"variableId":1,"variableValid":false,"variableValue":0},"directionFix":false,"image":{"tileId":0,"characterName":"Monster","direction":8,"pattern":1,"characterIndex":6},"list":[{"code":0,"indent":0,"parameters":[]}],"moveFrequency":3,"moveRoute":{"list":[{"code":0,"parameters":[]}],"repeat":true,"skippable":false,"wait":false},"moveSpeed":3,"moveType":0,"priorityType":1,"stepAnime":true,"through":false,"trigger":0,"walkAnime":true}],"x":9,"y":10},
{"id":4,"name":"EV004","note":"","pages":[{"conditions":{"actorId":1,"actorValid":false,"itemId":1,"itemValid":false,"selfSwitchCh":"A","selfSwitchValid":false,"switch1Id":1,"switch1Valid":false,"switch2Id":1,"switch2Valid":false,"variableId":1,"variableValid":false,"variableValue":0},"directionFix":false,"image":{"tileId":0,"characterName":"Evil","direction":8,"pattern":1,"characterIndex":5},"list":[{"code":0,"indent":0,"parameters":[]}],"moveFrequency":3,"moveRoute":{"list":[{"code":0,"parameters":[]}],"repeat":true,"skippable":false,"wait":false},"moveSpeed":3,"moveType":0,"priorityType":1,"stepAnime":false,"through":false,"trigger":0,"walkAnime":true}],"x":8,"y":11},
{"id":5,"name":"EV005","note":"","pages":[{"conditions":{"actorId":1,"actorValid":false,"itemId":1,"itemValid":false,"selfSwitchCh":"A","selfSwitchValid":false,"switch1Id":1,"switch1Valid":false,"switch2Id":1,"switch2Valid":false,"variableId":1,"variableValid":false,"variableValue":0},"directionFix":false,"image":{"tileId":0,"characterName":"haroldo80","direction":8,"pattern":1,"characterIndex":0},"list":[{"code":0,"indent":0,"parameters":[]}],"moveFrequency":3,"moveRoute":{"list":[{"code":0,"parameters":[]}],"repeat":true,"skippable":false,"wait":false},"moveSpeed":3,"moveType":0,"priorityType":1,"stepAnime":false,"through":false,"trigger":0,"walkAnime":true}],"x":7,"y":12},
{"id":6,"name":"EV006","note":"","pages":[{"conditions":{"actorId":1,"actorValid":false,"itemId":1,"itemValid":false,"selfSwitchCh":"A","selfSwitchValid":false,"switch1Id":1,"switch1Valid":false,"switch2Id":1,"switch2Valid":false,"variableId":1,"variableValid":false,"variableValue":0},"directionFix":false,"image":{"characterIndex":0,"characterName":"","direction":2,"pattern":0,"tileId":0},"list":[{"code":356,"indent":0,"parameters":["フキダシウィンドウ無効化"]},{"code":235,"indent":0,"parameters":[20]},{"code":230,"indent":0,"parameters":[30]},{"code":241,"indent":0,"parameters":[{"name":"Field3","volume":60,"pitch":100,"pan":0}]},{"code":205,"indent":0,"parameters":[1,{"list":[{"code":20,"indent":null},{"code":15,"parameters":[2],"indent":null},{"code":20,"indent":null},{"code":15,"parameters":[2],"indent":null},{"code":20,"indent":null},{"code":15,"parameters":[2],"indent":null},{"code":20,"indent":null},{"code":15,"parameters":[2],"indent":null},{"code":14,"parameters":[0,0],"indent":null},{"code":0}],"repeat":false,"skippable":false,"wait":true}]},{"code":505,"indent":0,"parameters":[{"code":20,"indent":null}]},{"code":505,"indent":0,"parameters":[{"code":15,"parameters":[2],"indent":null}]},{"code":505,"indent":0,"parameters":[{"code":20,"indent":null}]},{"code":505,"indent":0,"parameters":[{"code":15,"parameters":[2],"indent":null}]},{"code":505,"indent":0,"parameters":[{"code":20,"indent":null}]},{"code":505,"indent":0,"parameters":[{"code":15,"parameters":[2],"indent":null}]},{"code":505,"indent":0,"parameters":[{"code":20,"indent":null}]},{"code":505,"indent":0,"parameters":[{"code":15,"parameters":[2],"indent":null}]},{"code":505,"indent":0,"parameters":[{"code":14,"parameters":[0,0],"indent":null}]},{"code":101,"indent":0,"parameters":["Monster",1,0,0]},{"code":401,"indent":0,"parameters":["\\>スライム"]},{"code":401,"indent":0,"parameters":["\\>「ここが魔王城か…」"]},{"code":401,"indent":0,"parameters":["\\>"]},{"code":401,"indent":0,"parameters":["\\>"]},{"code":101,"indent":0,"parameters":["Nature",5,0,0]},{"code":401,"indent":0,"parameters":["\\>幼女妖精"]},{"code":401,"indent":0,"parameters":["\\>「長い道のりだったでち…！」"]},{"code":401,"indent":0,"parameters":["\\>"]},{"code":401,"indent":0,"parameters":["\\>"]},{"code":101,"indent":0,"parameters":["Evil",5,0,0]},{"code":401,"indent":0,"parameters":["\\>サイバーゴーレム"]},{"code":401,"indent":0,"parameters":["\\>「しかしここからが本当の試練だな」"]},{"code":401,"indent":0,"parameters":["\\>"]},{"code":401,"indent":0,"parameters":["\\>"]},{"code":101,"indent":0,"parameters":["Monster",6,0,0]},{"code":401,"indent":0,"parameters":["\\>リッチ"]},{"code":401,"indent":0,"parameters":["\\>「そうですよ。"]},{"code":401,"indent":0,"parameters":["\\>　油断してはなりませんぞ！」"]},{"code":401,"indent":0,"parameters":["\\>"]},{"code":250,"indent":0,"parameters":[{"name":"Mate_mac_hehe","volume":90,"pitch":50,"pan":0}]},{"code":101,"indent":0,"parameters":["harold80",0,0,0]},{"code":401,"indent":0,"parameters":["\\>60年後から来たハロルド"]},{"code":401,"indent":0,"parameters":["\\>「ふがふが」"]},{"code":401,"indent":0,"parameters":["\\>　"]},{"code":401,"indent":0,"parameters":["\\>　"]},{"code":101,"indent":0,"parameters":["Monster",1,0,0]},{"code":401,"indent":0,"parameters":["\\>スライム"]},{"code":401,"indent":0,"parameters":["\\>「\\c[2]『魔王軍採用面接』\\c[0]…"]},{"code":401,"indent":0,"parameters":["\\>　これに通れば俺たちは晴れて念願の"]},{"code":401,"indent":0,"parameters":["\\>　魔王軍入りだッ！！」"]},{"code":205,"indent":0,"parameters":[1,{"list":[{"code":20,"indent":null},{"code":15,"parameters":[2],"indent":null},{"code":20,"indent":null},{"code":15,"parameters":[2],"indent":null},{"code":20,"indent":null},{"code":15,"parameters":[2],"indent":null},{"code":20,"indent":null},{"code":15,"parameters":[2],"indent":null},{"code":14,"parameters":[0,0],"indent":null},{"code":0}],"repeat":false,"skippable":false,"wait":true}]},{"code":505,"indent":0,"parameters":[{"code":20,"indent":null}]},{"code":505,"indent":0,"parameters":[{"code":15,"parameters":[2],"indent":null}]},{"code":505,"indent":0,"parameters":[{"code":20,"indent":null}]},{"code":505,"indent":0,"parameters":[{"code":15,"parameters":[2],"indent":null}]},{"code":505,"indent":0,"parameters":[{"code":20,"indent":null}]},{"code":505,"indent":0,"parameters":[{"code":15,"parameters":[2],"indent":null}]},{"code":505,"indent":0,"parameters":[{"code":20,"indent":null}]},{"code":505,"indent":0,"parameters":[{"code":15,"parameters":[2],"indent":null}]},{"code":505,"indent":0,"parameters":[{"code":14,"parameters":[0,0],"indent":null}]},{"code":101,"indent":0,"parameters":["Monster",1,0,0]},{"code":401,"indent":0,"parameters":["\\>スライム"]},{"code":401,"indent":0,"parameters":["\\>「行くぞ皆ッ！！！」"]},{"code":401,"indent":0,"parameters":["\\>　"]},{"code":401,"indent":0,"parameters":["\\>　"]},{"code":250,"indent":0,"parameters":[{"name":"Mate_mac_hehe","volume":90,"pitch":50,"pan":0}]},{"code":101,"indent":0,"parameters":["harold80",0,0,0]},{"code":401,"indent":0,"parameters":["\\>60年後から来たハロルド"]},{"code":401,"indent":0,"parameters":["\\>「ふがふが」"]},{"code":401,"indent":0,"parameters":["\\>　"]},{"code":401,"indent":0,"parameters":["\\>　"]},{"code":201,"indent":0,"parameters":[0,16,0,0,0,0]},{"code":0,"indent":0,"parameters":[]}],"moveFrequency":3,"moveRoute":{"list":[{"code":0,"parameters":[]}],"repeat":true,"skippable":false,"wait":false},"moveSpeed":3,"moveType":0,"priorityType":0,"stepAnime":false,"through":false,"trigger":3,"walkAnime":true}],"x":0,"y":0}
]
}