{
"autoplayBgm":false,"autoplayBgs":false,"battleback1Name":"","battleback2Name":"","bgm":{"name":"","pan":0,"pitch":100,"volume":90},"bgs":{"name":"","pan":0,"pitch":100,"volume":90},"disableDashing":false,"displayName":"","encounterList":[],"encounterStep":30,"height":13,"note":"","parallaxLoopX":false,"parallaxLoopY":false,"parallaxName":"kaiken2","parallaxShow":true,"parallaxSx":0,"parallaxSy":0,"scrollType":0,"specifyBattleback":false,"tilesetId":1,"width":17,
"data":[0,0,0,0,0,0,0,0,0,0,0,0,0,0,0,0,0,0,0,0,0,0,0,0,0,0,0,0,0,0,0,0,0,0,0,0,0,0,0,0,0,0,0,0,0,0,0,0,0,0,0,0,0,0,0,0,0,0,0,0,0,0,0,0,0,0,0,0,0,0,0,0,0,0,0,0,0,0,0,0,0,0,0,0,0,0,0,0,0,0,0,0,0,0,0,0,0,0,0,0,0,0,0,0,0,0,0,0,0,0,0,0,0,0,0,0,0,0,0,0,0,0,0,0,0,0,0,0,0,0,0,0,0,0,0,0,0,0,0,0,0,0,0,0,0,0,0,0,0,0,0,0,0,0,0,0,0,0,0,0,0,0,0,0,0,0,0,0,0,0,0,0,0,0,0,0,0,0,0,0,0,0,0,0,0,0,0,0,0,0,0,0,0,0,0,0,0,0,0,0,0,0,0,0,0,0,0,0,0,0,0,0,0,0,0,0,0,0,0,0,0,0,0,0,0,0,0,0,0,0,0,0,0,0,0,0,0,0,0,0,0,0,0,0,0,0,0,0,0,0,0,0,0,0,0,0,0,0,0,0,0,0,0,0,0,0,0,0,0,0,0,0,0,0,0,0,0,0,0,0,0,0,0,0,0,0,0,0,0,0,0,0,0,0,0,0,0,0,0,0,0,0,0,0,0,0,0,0,0,0,0,0,0,0,0,0,0,0,0,0,0,0,0,0,0,0,0,0,0,0,0,0,0,0,0,0,0,0,0,0,0,0,0,0,0,0,0,0,0,0,0,0,0,0,0,0,0,0,0,0,0,0,0,0,0,0,0,0,0,0,0,0,0,0,0,0,0,0,0,0,0,0,0,0,0,0,0,0,0,0,0,0,0,0,0,0,0,0,0,0,0,0,0,0,0,0,0,0,0,0,0,0,0,0,0,0,0,0,0,0,0,0,0,0,0,0,0,0,0,0,0,0,0,0,0,0,0,0,0,0,0,0,0,0,0,0,0,0,0,0,0,0,0,0,0,0,0,0,0,0,0,0,0,0,0,0,0,0,0,0,0,0,0,0,0,0,0,0,0,0,0,0,0,0,0,0,0,0,0,0,0,0,0,0,0,0,0,0,0,0,0,0,0,0,0,0,0,0,0,0,0,0,0,0,0,0,0,0,0,0,0,0,0,0,0,0,0,0,0,0,0,0,0,0,0,0,0,0,0,0,0,0,0,0,0,0,0,0,0,0,0,0,0,0,0,0,0,0,0,0,0,0,0,0,0,0,0,0,0,0,0,0,0,0,0,0,0,0,0,0,0,0,0,0,0,0,0,0,0,0,0,0,0,0,0,0,0,0,0,0,0,0,0,0,0,0,0,0,0,0,0,0,0,0,0,0,0,0,0,0,0,0,0,0,0,0,0,0,0,0,0,0,0,0,0,0,0,0,0,0,0,0,0,0,0,0,0,0,0,0,0,0,0,0,0,0,0,0,0,0,0,0,0,0,0,0,0,0,0,0,0,0,0,0,0,0,0,0,0,0,0,0,0,0,0,0,0,0,0,0,0,0,0,0,0,0,0,0,0,0,0,0,0,0,0,0,0,0,0,0,0,0,0,0,0,0,0,0,0,0,0,0,0,0,0,0,0,0,0,0,0,0,0,0,0,0,0,0,0,0,0,0,0,0,0,0,0,0,0,0,0,0,0,0,0,0,0,0,0,0,0,0,0,0,0,0,0,0,0,0,0,0,0,0,0,0,0,0,0,0,0,0,0,0,0,0,0,0,0,0,0,0,0,0,0,0,0,0,0,0,0,0,0,0,0,0,0,0,0,0,0,0,0,0,0,0,0,0,0,0,0,0,0,0,0,0,0,0,0,0,0,0,0,0,0,0,0,0,0,0,0,0,0,0,0,0,0,0,0,0,0,0,0,0,0,0,0,0,0,0,0,0,0,0,0,0,0,0,0,0,0,0,0,0,0,0,0,0,0,0,0,0,0,0,0,0,0,0,0,0,0,0,0,0,0,0,0,0,0,0,0,0,0,0,0,0,0,0,0,0,0,0,0,0,0,0,0,0,0,0,0,0,0,0,0,0,0,0,0,0,0,0,0,0,0,0,0,0,0,0,0,0,0,0,0,0,0,0,0,0,0,0,0,0,0,0,0,0,0,0,0,0,0,0,0,0,0,0,0,0,0,0,0,0,0,0,0,0,0,0,0,0,0,0,0,0,0,0,0,0,0,0,0,0,0,0,0,0,0,0,0,0,0,0,0,0,0,0,0,0,0,0,0,0,0,0,0,0,0,0,0,0,0,0,0,0,0,0,0,0,0,0,0,0,0,0,0,0,0,0,0,0,0,0,0,0,0,0,0,0,0,0,0,0,0,0,0,0,0,0,0,0,0,0,0,0,0,0,0,0,0,0,0,0,0,0,0,0,0,0,0,0,0,0,0,0,0,0,0,0,0,0,0,0,0,0,0,0,0,0,0,0,0,0,0,0,0,0,0,0,0,0,0,0,0,0,0,0,0,0,0,0,0,0,0,0,0,0,0,0,0,0,0,0,0,0,0,0,0,0,0,0,0,0,0,0,0,0,0,0,0,0,0,0,0,0,0,0,0,0,0,0,0,0,0,0,0,0,0,0,0,0,0,0,0,0,0,0,0,0,0,0,0,0,0,0,0,0,0,0,0,0,0,0,0,0,0,0,0,0,0,0,0,0,0,0,0,0,0,0,0,0,0,0,0,0,0,0,0,0,0,0,0,0,0,0,0,0,0,0,0,0,0,0,0,0,0,0,0,0,0,0,0,0,0,0,0,0,0,0,0,0,0,0,0,0,0,0,0,0,0,0,0,0,0,0,0,0,0,0,0,0,0,0,0,0,0,0,0,0,0,0,0,0,0,0,0,0,0,0,0,0,0,0,0,0,0,0,0,0,0,0,0,0,0,0,0,0,0,0,0,0,0,0,0,0,0,0,0,0,0,0,0,0,0,0],
"events":[
null,
{"id":1,"name":"EV001","note":"","pages":[{"conditions":{"actorId":1,"actorValid":false,"itemId":1,"itemValid":false,"selfSwitchCh":"A","selfSwitchValid":false,"switch1Id":1,"switch1Valid":false,"switch2Id":1,"switch2Valid":false,"variableId":1,"variableValid":false,"variableValue":0},"directionFix":false,"image":{"characterIndex":0,"characterName":"","direction":2,"pattern":0,"tileId":0},"list":[{"code":356,"indent":0,"parameters":["フキダシウィンドウ無効化"]},{"code":231,"indent":0,"parameters":[14,"kaiken1",1,0,600,250,40,40,255,0]},{"code":232,"indent":0,"parameters":[2,0,1,0,400,260,100,100,0,0,10,false]},{"code":232,"indent":0,"parameters":[10,0,1,0,-200,350,-150,150,255,0,10,true]},{"code":242,"indent":0,"parameters":[1]},{"code":232,"indent":0,"parameters":[3,0,1,0,408,312,100,100,255,0,60,false]},{"code":232,"indent":0,"parameters":[14,0,1,0,408,312,100,100,255,0,60,true]},{"code":223,"indent":0,"parameters":[[0,0,0,0],1,true]},{"code":235,"indent":0,"parameters":[2]},{"code":235,"indent":0,"parameters":[10]},{"code":235,"indent":0,"parameters":[11]},{"code":235,"indent":0,"parameters":[15]},{"code":235,"indent":0,"parameters":[3]},{"code":241,"indent":0,"parameters":[{"name":"Field3","volume":60,"pitch":100,"pan":0}]},{"code":231,"indent":0,"parameters":[4,"alex",1,0,-200,200,100,100,255,0]},{"code":232,"indent":0,"parameters":[4,0,1,0,400,200,100,100,255,0,120,false]},{"code":230,"indent":0,"parameters":[30]},{"code":356,"indent":0,"parameters":["D_TEXT ※フラッシュの点滅にご注意ください 15"]},{"code":231,"indent":0,"parameters":[22,"",1,0,650,420,100,100,255,0]},{"code":250,"indent":0,"parameters":[{"name":"Mate_Open1_re","volume":90,"pitch":120,"pan":0}]},{"code":224,"indent":0,"parameters":[[255,255,255,170],20,true]},{"code":250,"indent":0,"parameters":[{"name":"Mate_Open1_re","volume":90,"pitch":120,"pan":0}]},{"code":224,"indent":0,"parameters":[[255,255,255,170],5,true]},{"code":250,"indent":0,"parameters":[{"name":"Mate_Open1_re","volume":90,"pitch":120,"pan":0}]},{"code":224,"indent":0,"parameters":[[255,255,255,170],5,true]},{"code":250,"indent":0,"parameters":[{"name":"Mate_Open1_re","volume":90,"pitch":120,"pan":0}]},{"code":224,"indent":0,"parameters":[[255,255,255,170],2,true]},{"code":250,"indent":0,"parameters":[{"name":"Mate_Open1_re","volume":90,"pitch":120,"pan":0}]},{"code":224,"indent":0,"parameters":[[255,255,255,170],20,true]},{"code":250,"indent":0,"parameters":[{"name":"Mate_Open1_re","volume":90,"pitch":120,"pan":0}]},{"code":224,"indent":0,"parameters":[[255,255,255,170],2,true]},{"code":250,"indent":0,"parameters":[{"name":"Mate_Open1_re","volume":90,"pitch":120,"pan":0}]},{"code":224,"indent":0,"parameters":[[255,255,255,170],2,true]},{"code":250,"indent":0,"parameters":[{"name":"Mate_Open1_re","volume":90,"pitch":120,"pan":0}]},{"code":224,"indent":0,"parameters":[[255,255,255,170],20,true]},{"code":250,"indent":0,"parameters":[{"name":"Mate_Open1_re","volume":90,"pitch":120,"pan":0}]},{"code":224,"indent":0,"parameters":[[255,255,255,170],20,true]},{"code":250,"indent":0,"parameters":[{"name":"Mate_Open1_re","volume":90,"pitch":120,"pan":0}]},{"code":224,"indent":0,"parameters":[[255,255,255,170],5,true]},{"code":250,"indent":0,"parameters":[{"name":"Mate_Open1_re","volume":90,"pitch":120,"pan":0}]},{"code":224,"indent":0,"parameters":[[255,255,255,170],5,true]},{"code":250,"indent":0,"parameters":[{"name":"Mate_Open1_re","volume":90,"pitch":120,"pan":0}]},{"code":224,"indent":0,"parameters":[[255,255,255,170],2,true]},{"code":356,"indent":0,"parameters":["D_TEXT ア 32"]},{"code":356,"indent":0,"parameters":["D_TEXT レ 32"]},{"code":356,"indent":0,"parameters":["D_TEXT ッ 32"]},{"code":356,"indent":0,"parameters":["D_TEXT ク 32"]},{"code":356,"indent":0,"parameters":["D_TEXT ス 32"]},{"code":356,"indent":0,"parameters":["D_TEXT 氏 32"]},{"code":356,"indent":0,"parameters":["D_TEXT (33) 20"]},{"code":356,"indent":0,"parameters":["D_TEXT_SETTING BG_COLOR rgba(255,255,255,0.50)"]},{"code":356,"indent":0,"parameters":["D_TEXT_SETTING ALIGN CENTER"]},{"code":231,"indent":0,"parameters":[23,"",1,0,750,250,100,100,255,0]},{"code":101,"indent":0,"parameters":["",0,2,2]},{"code":401,"indent":0,"parameters":["\\>アレックス"]},{"code":401,"indent":0,"parameters":["\\>「この度はお集りいただきまして"]},{"code":401,"indent":0,"parameters":["\\>　誠にありがとうございます。」"]},{"code":122,"indent":0,"parameters":[3,3,0,0,1]},{"code":101,"indent":0,"parameters":["",0,2,2]},{"code":401,"indent":0,"parameters":["\\>アレックス"]},{"code":401,"indent":0,"parameters":["\\>「さて早速本題に入りますが、"]},{"code":401,"indent":0,"parameters":["\\>　私アレックスは、今年12月末をもって引退を"]},{"code":401,"indent":0,"parameters":["\\>　ここに表明したいと思う所存であります。」"]},{"code":101,"indent":0,"parameters":["",0,2,2]},{"code":401,"indent":0,"parameters":["\\>アレックス"]},{"code":401,"indent":0,"parameters":["\\>「ツクール界において、１７年間頑張ってきましたが"]},{"code":401,"indent":0,"parameters":["\\>　やはり体力の衰えという部分でこのような決断を"]},{"code":401,"indent":0,"parameters":["\\>　せざるをえなくなりました。」"]},{"code":250,"indent":0,"parameters":[{"name":"Mate_voice1","volume":100,"pitch":100,"pan":0}]},{"code":101,"indent":0,"parameters":["",0,2,2]},{"code":401,"indent":0,"parameters":["\\^\\>"]},{"code":401,"indent":0,"parameters":["\\>\\c[6]"]},{"code":401,"indent":0,"parameters":["\\>記者「今後はどうされるおつもりですか？」"]},{"code":401,"indent":0,"parameters":["\\|\\|\\.\\."]},{"code":101,"indent":0,"parameters":["",0,2,2]},{"code":401,"indent":0,"parameters":["\\>アレックス"]},{"code":401,"indent":0,"parameters":["\\>「そうですね…引退後は妻のリリアと一緒に"]},{"code":401,"indent":0,"parameters":["\\>　別荘でのんびりと生活したいです。」"]},{"code":401,"indent":0,"parameters":["\\>"]},{"code":101,"indent":0,"parameters":["",0,2,2]},{"code":401,"indent":0,"parameters":["\\>アレックス"]},{"code":401,"indent":0,"parameters":["\\>「次の世代の主人公達も大分力もついてきましたから"]},{"code":401,"indent":0,"parameters":["\\>　未来のツクール界は安泰だと考えてます。」"]},{"code":401,"indent":0,"parameters":["\\>"]},{"code":250,"indent":0,"parameters":[{"name":"Mate_voice2","volume":100,"pitch":100,"pan":0}]},{"code":101,"indent":0,"parameters":["",0,2,2]},{"code":401,"indent":0,"parameters":["\\^\\>"]},{"code":401,"indent":0,"parameters":["\\>\\c[6]"]},{"code":401,"indent":0,"parameters":["\\>記者「ライバルの魔王さんには連絡されましたか？」"]},{"code":401,"indent":0,"parameters":["\\|\\|\\.\\."]},{"code":101,"indent":0,"parameters":["",0,2,2]},{"code":401,"indent":0,"parameters":["\\>アレックス"]},{"code":401,"indent":0,"parameters":["\\>「はい。"]},{"code":401,"indent":0,"parameters":["\\>　やはり彼も残念だと言っていましたが、"]},{"code":401,"indent":0,"parameters":["\\>　（身体のこともあるので）仕方ないということで―"]},{"code":101,"indent":0,"parameters":["",0,2,2]},{"code":401,"indent":0,"parameters":["\\>アレックス"]},{"code":401,"indent":0,"parameters":["\\>「これからは良き友人として"]},{"code":401,"indent":0,"parameters":["\\>　付き合いを続けていくつもりです。」"]},{"code":401,"indent":0,"parameters":["\\>　"]},{"code":242,"indent":0,"parameters":[3]},{"code":250,"indent":0,"parameters":[{"name":"Mate_voice3","volume":100,"pitch":100,"pan":0}]},{"code":101,"indent":0,"parameters":["",0,2,2]},{"code":401,"indent":0,"parameters":["\\^\\>"]},{"code":401,"indent":0,"parameters":["\\>\\c[6]"]},{"code":401,"indent":0,"parameters":["\\>記者「ありがとうございます。」"]},{"code":401,"indent":0,"parameters":["\\|\\.\\."]},{"code":250,"indent":0,"parameters":[{"name":"Mate_voice4","volume":100,"pitch":100,"pan":0}]},{"code":101,"indent":0,"parameters":["",0,2,2]},{"code":401,"indent":0,"parameters":["\\^\\>"]},{"code":401,"indent":0,"parameters":["\\>\\c[6]"]},{"code":401,"indent":0,"parameters":["\\>記者「ところで、少し話が変わりますが―"]},{"code":401,"indent":0,"parameters":["\\|\\|\\.\\."]},{"code":250,"indent":0,"parameters":[{"name":"Mate_voice5","volume":100,"pitch":100,"pan":0}]},{"code":101,"indent":0,"parameters":["",0,2,2]},{"code":401,"indent":0,"parameters":["\\^\\>"]},{"code":401,"indent":0,"parameters":["\\>\\c[6]"]},{"code":401,"indent":0,"parameters":["\\>記者「昨日、報道されたヘレン市議との関係について"]},{"code":401,"indent":0,"parameters":["\\>　　　教えていただきたいのですが。」\\<\\|\\|\\|\\|\\.\\."]},{"code":101,"indent":0,"parameters":["",0,2,2]},{"code":401,"indent":0,"parameters":["\\>アレックス"]},{"code":401,"indent":0,"parameters":["\\>「えー、その質問は今回の会見とは"]},{"code":401,"indent":0,"parameters":["\\>　関係ございませんので、コメントは差し控えさせて"]},{"code":401,"indent":0,"parameters":["\\>　いただきます。」"]},{"code":241,"indent":0,"parameters":[{"name":"03_Melee","volume":35,"pitch":100,"pan":0}]},{"code":250,"indent":0,"parameters":[{"name":"Mate_voice6","volume":100,"pitch":100,"pan":0}]},{"code":101,"indent":0,"parameters":["",0,2,2]},{"code":401,"indent":0,"parameters":["\\^\\>"]},{"code":401,"indent":0,"parameters":["\\>\\c[6]"]},{"code":401,"indent":0,"parameters":["\\>記者「某新聞社の記者が、\\c[2]ホテルへ向かうアレックス氏と"]},{"code":401,"indent":0,"parameters":["\\>　　　ヘレン市議を目撃した\\c[6]との情報がありますが…」\\<\\|\\|\\|\\|\\|\\.\\.\\."]},{"code":101,"indent":0,"parameters":["",0,2,2]},{"code":401,"indent":0,"parameters":["\\>アレックス"]},{"code":401,"indent":0,"parameters":["\\>「…"]},{"code":401,"indent":0,"parameters":["\\>　"]},{"code":401,"indent":0,"parameters":["\\>　"]},{"code":122,"indent":0,"parameters":[2,2,0,0,1]},{"code":101,"indent":0,"parameters":["",0,2,2]},{"code":401,"indent":0,"parameters":["\\>アレックス"]},{"code":401,"indent":0,"parameters":["\\>「…えー、そのような事実はございません。」"]},{"code":401,"indent":0,"parameters":["\\>　"]},{"code":401,"indent":0,"parameters":["\\>　"]},{"code":245,"indent":0,"parameters":[{"name":"Mate_concert_hubbub2","volume":5,"pitch":100,"pan":0}]},{"code":250,"indent":0,"parameters":[{"name":"Mate_voice7","volume":100,"pitch":100,"pan":0}]},{"code":101,"indent":0,"parameters":["",0,2,2]},{"code":401,"indent":0,"parameters":["\\^\\>"]},{"code":401,"indent":0,"parameters":["\\>\\c[6]"]},{"code":401,"indent":0,"parameters":["\\>記者「女性誌に掲載されたツーショット写真について"]},{"code":401,"indent":0,"parameters":["\\>　　　一言お願いします。」\\<\\|\\|\\|\\|\\."]},{"code":225,"indent":0,"parameters":[4,5,10,false]},{"code":250,"indent":0,"parameters":[{"name":"Mate_game_swordman-damage1","volume":100,"pitch":100,"pan":0}]},{"code":101,"indent":0,"parameters":["",0,2,2]},{"code":401,"indent":0,"parameters":["\\>アレックス"]},{"code":401,"indent":0,"parameters":["\\>「えー、何のことだが…。」"]},{"code":401,"indent":0,"parameters":["\\>　"]},{"code":401,"indent":0,"parameters":["\\>　"]},{"code":250,"indent":0,"parameters":[{"name":"Mate_voice8","volume":100,"pitch":100,"pan":0}]},{"code":101,"indent":0,"parameters":["",0,2,2]},{"code":401,"indent":0,"parameters":["\\^"]},{"code":401,"indent":0,"parameters":["\\>\\c[6]"]},{"code":401,"indent":0,"parameters":["\\>記者「録音音声の"]},{"code":401,"indent":0,"parameters":["\\|　　　"]},{"code":250,"indent":0,"parameters":[{"name":"Mate_dog","volume":100,"pitch":100,"pan":0}]},{"code":101,"indent":0,"parameters":["",0,2,2]},{"code":401,"indent":0,"parameters":["\\^"]},{"code":401,"indent":0,"parameters":["\\>\\c[6]"]},{"code":401,"indent":0,"parameters":["\\>記者「録音音声の\\c[2]『僕のロングソードで神速三段突き"]},{"code":401,"indent":0,"parameters":["\\>　　　してやるぞー』\\c[6]とはどういうことですか？\\<\\|\\|\\|\\.\\."]},{"code":250,"indent":0,"parameters":[{"name":"Mate_voice9","volume":100,"pitch":100,"pan":0}]},{"code":101,"indent":0,"parameters":["",0,2,2]},{"code":401,"indent":0,"parameters":["\\^\\>"]},{"code":401,"indent":0,"parameters":["\\>\\c[6]"]},{"code":401,"indent":0,"parameters":["\\>記者「あと\\c[2]『君の中で乱れ雪月花しちゃうぞ』"]},{"code":401,"indent":0,"parameters":["\\>　　　\\c[6]という音声について教えてください。」\\<\\|\\|\\|\\|\\."]},{"code":122,"indent":0,"parameters":[2,2,0,0,2]},{"code":122,"indent":0,"parameters":[3,3,0,0,2]},{"code":225,"indent":0,"parameters":[4,5,10,false]},{"code":250,"indent":0,"parameters":[{"name":"Mate_game_swordman-damage1","volume":100,"pitch":100,"pan":0}]},{"code":250,"indent":0,"parameters":[{"name":"Mate_gaoh","volume":90,"pitch":100,"pan":0}]},{"code":101,"indent":0,"parameters":["",0,2,2]},{"code":401,"indent":0,"parameters":["\\>アレックス"]},{"code":401,"indent":0,"parameters":["\\>「ｺﾞﾎﾝ、ｺﾞﾎｯ…ｺﾞﾌﾝ」"]},{"code":401,"indent":0,"parameters":["\\>　"]},{"code":401,"indent":0,"parameters":["\\>　"]},{"code":122,"indent":0,"parameters":[3,3,0,0,1]},{"code":250,"indent":0,"parameters":[{"name":"Mate_voice10","volume":100,"pitch":100,"pan":0}]},{"code":101,"indent":0,"parameters":["",0,2,2]},{"code":401,"indent":0,"parameters":["\\^\\>"]},{"code":401,"indent":0,"parameters":["\\>\\c[6]"]},{"code":401,"indent":0,"parameters":["\\>記者「奥様のリリアさんはこのことをご存知ですか？」"]},{"code":401,"indent":0,"parameters":["\\|\\|\\.\\."]},{"code":225,"indent":0,"parameters":[4,5,10,false]},{"code":250,"indent":0,"parameters":[{"name":"Mate_game_swordman-damage1","volume":100,"pitch":100,"pan":0}]},{"code":250,"indent":0,"parameters":[{"name":"Mate_SLUDGE","volume":90,"pitch":100,"pan":0}]},{"code":101,"indent":0,"parameters":["",0,2,2]},{"code":401,"indent":0,"parameters":["\\>アレックス"]},{"code":401,"indent":0,"parameters":["\\>「さぁ…最近自宅に帰っていないものですから…"]},{"code":401,"indent":0,"parameters":["\\>　私には分かりません。」"]},{"code":401,"indent":0,"parameters":["\\>　"]},{"code":250,"indent":0,"parameters":[{"name":"Mate_voice11","volume":100,"pitch":100,"pan":0}]},{"code":101,"indent":0,"parameters":["",0,2,2]},{"code":401,"indent":0,"parameters":["\\^\\>"]},{"code":401,"indent":0,"parameters":["\\>\\c[6]"]},{"code":401,"indent":0,"parameters":["\\>記者「ツクール界のプロとして、こういった問題について"]},{"code":401,"indent":0,"parameters":["\\>　　　世間への説明責任があると思いませんか。」\\<\\|\\|\\|\\|\\|"]},{"code":225,"indent":0,"parameters":[4,5,10,false]},{"code":250,"indent":0,"parameters":[{"name":"Mate_game_swordman-damage1","volume":100,"pitch":100,"pan":0}]},{"code":250,"indent":0,"parameters":[{"name":"Mate_dog","volume":90,"pitch":100,"pan":0}]},{"code":101,"indent":0,"parameters":["",0,2,2]},{"code":401,"indent":0,"parameters":["\\>アレックス"]},{"code":401,"indent":0,"parameters":["\\>「まぁ…そのぉ…"]},{"code":401,"indent":0,"parameters":["\\>　"]},{"code":401,"indent":0,"parameters":["\\>　"]},{"code":225,"indent":0,"parameters":[4,5,10,false]},{"code":250,"indent":0,"parameters":[{"name":"Mate_game_swordman-damage2","volume":90,"pitch":100,"pan":0}]},{"code":101,"indent":0,"parameters":["",0,2,2]},{"code":401,"indent":0,"parameters":["\\>アレックス"]},{"code":401,"indent":0,"parameters":["\\>「まぁ…そのぉ…"]},{"code":401,"indent":0,"parameters":["\\>　プロやってるといろいろあるっていうかぁ…"]},{"code":401,"indent":0,"parameters":["\\>　"]},{"code":250,"indent":0,"parameters":[{"name":"Mate_voice12","volume":100,"pitch":100,"pan":0}]},{"code":101,"indent":0,"parameters":["",0,2,2]},{"code":401,"indent":0,"parameters":["\\^\\>"]},{"code":401,"indent":0,"parameters":["\\>\\c[6]"]},{"code":401,"indent":0,"parameters":["\\>記者「いろいろとはどういうことですか？」"]},{"code":401,"indent":0,"parameters":["\\|\\|\\."]},{"code":225,"indent":0,"parameters":[4,5,10,false]},{"code":250,"indent":0,"parameters":[{"name":"Mate_game_swordman-damage2","volume":90,"pitch":80,"pan":0}]},{"code":101,"indent":0,"parameters":["",0,2,2]},{"code":401,"indent":0,"parameters":["\\>アレックス"]},{"code":401,"indent":0,"parameters":["\\>「そりゃあ…あれっすよ…。"]},{"code":401,"indent":0,"parameters":["\\>　やっぱりその場の流れで…ほら…ね？"]},{"code":401,"indent":0,"parameters":["\\>　"]},{"code":225,"indent":0,"parameters":[4,5,10,false]},{"code":250,"indent":0,"parameters":[{"name":"Mate_gun","volume":90,"pitch":100,"pan":0}]},{"code":101,"indent":0,"parameters":["",0,2,2]},{"code":401,"indent":0,"parameters":["\\>アレックス"]},{"code":401,"indent":0,"parameters":["\\>「そりゃあ…あれっすよ…。"]},{"code":401,"indent":0,"parameters":["\\>　やっぱりその場の流れで…ほら…ね？"]},{"code":401,"indent":0,"parameters":["\\>　\\c[27]一夜を共にする女性\\c[0]も現れたりするわけで…"]},{"code":122,"indent":0,"parameters":[2,2,0,0,3]},{"code":250,"indent":0,"parameters":[{"name":"Mate_game_swordman-win1","volume":90,"pitch":100,"pan":0}]},{"code":250,"indent":0,"parameters":[{"name":"Mate_Ahhm_sexy","volume":90,"pitch":100,"pan":0}]},{"code":225,"indent":0,"parameters":[4,5,10,false]},{"code":122,"indent":0,"parameters":[3,3,0,0,2]},{"code":250,"indent":0,"parameters":[{"name":"Mate_voice13","volume":100,"pitch":100,"pan":0}]},{"code":101,"indent":0,"parameters":["",0,2,2]},{"code":401,"indent":0,"parameters":["\\^\\>"]},{"code":401,"indent":0,"parameters":["\\>\\c[6]"]},{"code":401,"indent":0,"parameters":["\\>記者「\\c[27]一夜を共にした女性\\c[6]がいたということですね？」"]},{"code":401,"indent":0,"parameters":["\\|\\|\\.\\."]},{"code":225,"indent":0,"parameters":[9,5,10,false]},{"code":250,"indent":0,"parameters":[{"name":"Mate_SDK2Aahh","volume":90,"pitch":100,"pan":0}]},{"code":101,"indent":0,"parameters":["",0,2,2]},{"code":401,"indent":0,"parameters":["\\>アレックス"]},{"code":401,"indent":0,"parameters":["\\>「あっ"]},{"code":401,"indent":0,"parameters":["\\>　"]},{"code":401,"indent":0,"parameters":["\\>　"]},{"code":225,"indent":0,"parameters":[7,5,10,false]},{"code":250,"indent":0,"parameters":[{"name":"Mate_SDK2DDAh","volume":90,"pitch":70,"pan":0}]},{"code":101,"indent":0,"parameters":["",0,2,2]},{"code":401,"indent":0,"parameters":["\\>アレックス"]},{"code":401,"indent":0,"parameters":["\\>「あっ…。"]},{"code":401,"indent":0,"parameters":["\\>　いや、今のは業界でのよくある例え話ということで"]},{"code":401,"indent":0,"parameters":["\\>　お話したまでで―"]},{"code":122,"indent":0,"parameters":[2,2,0,0,4]},{"code":225,"indent":0,"parameters":[2,5,10,false]},{"code":250,"indent":0,"parameters":[{"name":"Mate_SDK2DDAh","volume":90,"pitch":50,"pan":0}]},{"code":101,"indent":0,"parameters":["",0,2,2]},{"code":401,"indent":0,"parameters":["\\>アレックス"]},{"code":401,"indent":0,"parameters":["\\>「私がどうこうという話ではありません。はい。」"]},{"code":401,"indent":0,"parameters":["\\>　"]},{"code":250,"indent":0,"parameters":[{"name":"Mate_bukujutsu","volume":100,"pitch":100,"pan":0}]},{"code":231,"indent":0,"parameters":[5,"starlight3",1,0,-200,200,100,100,255,0]},{"code":232,"indent":0,"parameters":[5,0,1,0,450,200,100,100,255,0,20,true]},{"code":101,"indent":0,"parameters":["",0,2,2]},{"code":401,"indent":0,"parameters":["\\>秘書"]},{"code":401,"indent":0,"parameters":["\\>「はい、すみませんが次の予定がございますので"]},{"code":401,"indent":0,"parameters":["\\>　会見は以上とさせていただきます。」"]},{"code":250,"indent":0,"parameters":[{"name":"Mate_bukujutsu","volume":100,"pitch":100,"pan":0}]},{"code":232,"indent":0,"parameters":[4,0,1,0,1200,200,100,100,255,0,20,false]},{"code":232,"indent":0,"parameters":[5,0,1,0,1200,200,100,100,255,0,20,true]},{"code":235,"indent":0,"parameters":[4]},{"code":235,"indent":0,"parameters":[5]},{"code":122,"indent":0,"parameters":[2,2,0,0,5]},{"code":232,"indent":0,"parameters":[3,0,1,0,408,312,100,100,255,0,120,false]},{"code":232,"indent":0,"parameters":[14,0,1,0,408,312,100,100,255,0,120,false]},{"code":245,"indent":0,"parameters":[{"name":"Mate_concert_hubbub2","volume":75,"pitch":100,"pan":0}]},{"code":250,"indent":0,"parameters":[{"name":"Mate_MV2_10","volume":90,"pitch":110,"pan":0}]},{"code":250,"indent":0,"parameters":[{"name":"Mate_harisen","volume":90,"pitch":100,"pan":0}]},{"code":250,"indent":0,"parameters":[{"name":"Mate_voice14","volume":100,"pitch":100,"pan":0}]},{"code":101,"indent":0,"parameters":["",0,2,2]},{"code":401,"indent":0,"parameters":["\\^\\>"]},{"code":401,"indent":0,"parameters":["\\>\\c[6]"]},{"code":401,"indent":0,"parameters":["\\>記者「アレックスさん！説明されないんですか！」"]},{"code":401,"indent":0,"parameters":["\\|\\."]},{"code":250,"indent":0,"parameters":[{"name":"Mate_MV2_10","volume":90,"pitch":100,"pan":0}]},{"code":250,"indent":0,"parameters":[{"name":"Mate_harisen","volume":90,"pitch":100,"pan":0}]},{"code":250,"indent":0,"parameters":[{"name":"Mate_voice15","volume":100,"pitch":100,"pan":0}]},{"code":101,"indent":0,"parameters":["",0,2,2]},{"code":401,"indent":0,"parameters":["\\^\\>"]},{"code":401,"indent":0,"parameters":["\\>\\c[6]"]},{"code":401,"indent":0,"parameters":["\\>記者「このままで世間は納得しないと思いますが！」"]},{"code":401,"indent":0,"parameters":["\\|\\|"]},{"code":122,"indent":0,"parameters":[2,2,0,0,0]},{"code":122,"indent":0,"parameters":[3,3,0,0,0]},{"code":284,"indent":0,"parameters":["kaiken3",false,false,0,0]},{"code":235,"indent":0,"parameters":[14]},{"code":230,"indent":0,"parameters":[10]},{"code":117,"indent":0,"parameters":[4]},{"code":117,"indent":0,"parameters":[5]},{"code":201,"indent":0,"parameters":[0,7,0,0,0,2]},{"code":235,"indent":0,"parameters":[20]},{"code":235,"indent":0,"parameters":[21]},{"code":235,"indent":0,"parameters":[22]},{"code":235,"indent":0,"parameters":[23]},{"code":235,"indent":0,"parameters":[24]},{"code":235,"indent":0,"parameters":[25]},{"code":235,"indent":0,"parameters":[26]},{"code":117,"indent":0,"parameters":[6]},{"code":0,"indent":0,"parameters":[]}],"moveFrequency":3,"moveRoute":{"list":[{"code":0,"parameters":[]}],"repeat":true,"skippable":false,"wait":false},"moveSpeed":3,"moveType":0,"priorityType":0,"stepAnime":false,"through":false,"trigger":3,"walkAnime":true}],"x":0,"y":0},
{"id":2,"name":"EV002","note":"","pages":[{"conditions":{"actorId":1,"actorValid":false,"itemId":1,"itemValid":false,"selfSwitchCh":"A","selfSwitchValid":false,"switch1Id":1,"switch1Valid":false,"switch2Id":1,"switch2Valid":false,"variableId":2,"variableValid":true,"variableValue":1},"directionFix":false,"image":{"characterIndex":0,"characterName":"","direction":2,"pattern":0,"tileId":0},"list":[{"code":230,"indent":0,"parameters":[80]},{"code":250,"indent":0,"parameters":[{"name":"Mate_yaji1","volume":40,"pitch":100,"pan":60}]},{"code":356,"indent":0,"parameters":["D_TEXT \\c[6]＼嘘をつけ嘘をー／ 32"]},{"code":231,"indent":0,"parameters":[24,"",1,0,600,400,100,100,255,0]},{"code":232,"indent":0,"parameters":[24,0,1,0,600,350,100,100,255,0,10,true]},{"code":230,"indent":0,"parameters":[300]},{"code":235,"indent":0,"parameters":[24]},{"code":112,"indent":0,"parameters":[]},{"code":230,"indent":1,"parameters":[999]},{"code":0,"indent":1,"parameters":[]},{"code":413,"indent":0,"parameters":[]},{"code":0,"indent":0,"parameters":[]}],"moveFrequency":3,"moveRoute":{"list":[{"code":0,"parameters":[]}],"repeat":true,"skippable":false,"wait":false},"moveSpeed":3,"moveType":0,"priorityType":0,"stepAnime":false,"through":false,"trigger":4,"walkAnime":true},{"conditions":{"actorId":1,"actorValid":false,"itemId":1,"itemValid":false,"selfSwitchCh":"A","selfSwitchValid":false,"switch1Id":1,"switch1Valid":false,"switch2Id":1,"switch2Valid":false,"variableId":2,"variableValid":true,"variableValue":2},"directionFix":false,"image":{"characterIndex":0,"characterName":"","direction":2,"pattern":0,"tileId":0},"list":[{"code":230,"indent":0,"parameters":[250]},{"code":250,"indent":0,"parameters":[{"name":"Mate_yaji2","volume":50,"pitch":100,"pan":-80}]},{"code":356,"indent":0,"parameters":["D_TEXT \\c[6]＼昨夜お楽しみだったんですか！／ 32"]},{"code":231,"indent":0,"parameters":[24,"",1,0,350,400,100,100,255,0]},{"code":232,"indent":0,"parameters":[24,0,1,0,350,350,100,100,255,0,10,true]},{"code":230,"indent":0,"parameters":[300]},{"code":235,"indent":0,"parameters":[24]},{"code":112,"indent":0,"parameters":[]},{"code":230,"indent":1,"parameters":[999]},{"code":0,"indent":1,"parameters":[]},{"code":413,"indent":0,"parameters":[]},{"code":0,"indent":0,"parameters":[]}],"moveFrequency":3,"moveRoute":{"list":[{"code":0,"parameters":[]}],"repeat":true,"skippable":false,"wait":false},"moveSpeed":3,"moveType":0,"priorityType":0,"stepAnime":false,"through":false,"trigger":4,"walkAnime":true},{"conditions":{"actorId":1,"actorValid":false,"itemId":1,"itemValid":false,"selfSwitchCh":"A","selfSwitchValid":false,"switch1Id":1,"switch1Valid":false,"switch2Id":1,"switch2Valid":false,"variableId":2,"variableValid":true,"variableValue":3},"directionFix":false,"image":{"characterIndex":0,"characterName":"","direction":2,"pattern":0,"tileId":0},"list":[{"code":230,"indent":0,"parameters":[120]},{"code":250,"indent":0,"parameters":[{"name":"Mate_yaji3","volume":50,"pitch":100,"pan":-20}]},{"code":356,"indent":0,"parameters":["D_TEXT \\c[6]＼奥さん、悲しんでますよ！／ 32"]},{"code":231,"indent":0,"parameters":[24,"",1,0,350,400,100,100,255,0]},{"code":232,"indent":0,"parameters":[24,0,1,0,350,350,100,100,255,0,10,true]},{"code":230,"indent":0,"parameters":[300]},{"code":235,"indent":0,"parameters":[24]},{"code":112,"indent":0,"parameters":[]},{"code":230,"indent":1,"parameters":[999]},{"code":0,"indent":1,"parameters":[]},{"code":413,"indent":0,"parameters":[]},{"code":0,"indent":0,"parameters":[]}],"moveFrequency":3,"moveRoute":{"list":[{"code":0,"parameters":[]}],"repeat":true,"skippable":false,"wait":false},"moveSpeed":3,"moveType":0,"priorityType":0,"stepAnime":false,"through":false,"trigger":4,"walkAnime":true},{"conditions":{"actorId":1,"actorValid":false,"itemId":1,"itemValid":false,"selfSwitchCh":"A","selfSwitchValid":false,"switch1Id":1,"switch1Valid":false,"switch2Id":1,"switch2Valid":false,"variableId":2,"variableValid":true,"variableValue":4},"directionFix":false,"image":{"characterIndex":0,"characterName":"","direction":2,"pattern":0,"tileId":0},"list":[{"code":230,"indent":0,"parameters":[30]},{"code":250,"indent":0,"parameters":[{"name":"Mate_yaji4","volume":50,"pitch":100,"pan":-40}]},{"code":356,"indent":0,"parameters":["D_TEXT \\c[6]＼ツーショットについて一言！／ 32"]},{"code":231,"indent":0,"parameters":[24,"",1,0,350,400,100,100,255,0]},{"code":232,"indent":0,"parameters":[24,0,1,0,350,350,100,100,255,0,10,true]},{"code":230,"indent":0,"parameters":[300]},{"code":235,"indent":0,"parameters":[24]},{"code":112,"indent":0,"parameters":[]},{"code":230,"indent":1,"parameters":[999]},{"code":0,"indent":1,"parameters":[]},{"code":413,"indent":0,"parameters":[]},{"code":0,"indent":0,"parameters":[]}],"moveFrequency":3,"moveRoute":{"list":[{"code":0,"parameters":[]}],"repeat":true,"skippable":false,"wait":false},"moveSpeed":3,"moveType":0,"priorityType":0,"stepAnime":false,"through":false,"trigger":4,"walkAnime":true},{"conditions":{"actorId":1,"actorValid":false,"itemId":1,"itemValid":false,"selfSwitchCh":"A","selfSwitchValid":false,"switch1Id":1,"switch1Valid":false,"switch2Id":1,"switch2Valid":false,"variableId":2,"variableValid":true,"variableValue":5},"directionFix":false,"image":{"characterIndex":0,"characterName":"","direction":2,"pattern":0,"tileId":0},"list":[{"code":250,"indent":0,"parameters":[{"name":"Mate_yaji5","volume":50,"pitch":100,"pan":80}]},{"code":356,"indent":0,"parameters":["D_TEXT \\c[6]＼勇者やめろー／ 32"]},{"code":231,"indent":0,"parameters":[24,"",1,0,550,400,100,100,255,0]},{"code":232,"indent":0,"parameters":[24,0,1,0,550,350,100,100,255,0,10,true]},{"code":230,"indent":0,"parameters":[30]},{"code":250,"indent":0,"parameters":[{"name":"Mate_yaji6","volume":50,"pitch":100,"pan":-60}]},{"code":356,"indent":0,"parameters":["D_TEXT \\c[6]＼ちゃんと説明してくださいよ！／ 32"]},{"code":231,"indent":0,"parameters":[25,"",1,0,350,350,100,100,255,0]},{"code":232,"indent":0,"parameters":[25,0,1,0,350,300,100,100,255,0,10,true]},{"code":230,"indent":0,"parameters":[20]},{"code":250,"indent":0,"parameters":[{"name":"Mate_yaji7","volume":50,"pitch":100,"pan":100}]},{"code":356,"indent":0,"parameters":["D_TEXT \\c[6]＼やらないか／ 32"]},{"code":231,"indent":0,"parameters":[26,"",1,0,750,300,100,100,255,0]},{"code":232,"indent":0,"parameters":[26,0,1,0,750,250,100,100,255,0,10,true]},{"code":230,"indent":0,"parameters":[300]},{"code":235,"indent":0,"parameters":[24]},{"code":235,"indent":0,"parameters":[25]},{"code":235,"indent":0,"parameters":[26]},{"code":112,"indent":0,"parameters":[]},{"code":230,"indent":1,"parameters":[999]},{"code":0,"indent":1,"parameters":[]},{"code":413,"indent":0,"parameters":[]},{"code":0,"indent":0,"parameters":[]}],"moveFrequency":3,"moveRoute":{"list":[{"code":0,"parameters":[]}],"repeat":true,"skippable":false,"wait":false},"moveSpeed":3,"moveType":0,"priorityType":0,"stepAnime":false,"through":false,"trigger":4,"walkAnime":true}],"x":1,"y":0},
{"id":3,"name":"EV003","note":"","pages":[{"conditions":{"actorId":1,"actorValid":false,"itemId":1,"itemValid":false,"selfSwitchCh":"A","selfSwitchValid":false,"switch1Id":2,"switch1Valid":false,"switch2Id":1,"switch2Valid":false,"variableId":3,"variableValid":true,"variableValue":1},"directionFix":false,"image":{"characterIndex":0,"characterName":"","direction":2,"pattern":0,"tileId":0},"list":[{"code":230,"indent":0,"parameters":[60]},{"code":250,"indent":0,"parameters":[{"name":"Mate_Open1_re","volume":90,"pitch":120,"pan":0}]},{"code":224,"indent":0,"parameters":[[255,255,255,170],5,true]},{"code":230,"indent":0,"parameters":[20]},{"code":250,"indent":0,"parameters":[{"name":"Mate_Open1_re","volume":90,"pitch":120,"pan":0}]},{"code":224,"indent":0,"parameters":[[255,255,255,170],5,true]},{"code":250,"indent":0,"parameters":[{"name":"Mate_Open1_re","volume":90,"pitch":120,"pan":0}]},{"code":224,"indent":0,"parameters":[[255,255,255,170],2,true]},{"code":230,"indent":0,"parameters":[20]},{"code":250,"indent":0,"parameters":[{"name":"Mate_Open1_re","volume":90,"pitch":120,"pan":0}]},{"code":224,"indent":0,"parameters":[[255,255,255,170],20,true]},{"code":230,"indent":0,"parameters":[50]},{"code":250,"indent":0,"parameters":[{"name":"Mate_Open1_re","volume":90,"pitch":120,"pan":0}]},{"code":224,"indent":0,"parameters":[[255,255,255,170],2,true]},{"code":250,"indent":0,"parameters":[{"name":"Mate_Open1_re","volume":90,"pitch":120,"pan":0}]},{"code":224,"indent":0,"parameters":[[255,255,255,170],2,true]},{"code":230,"indent":0,"parameters":[40]},{"code":250,"indent":0,"parameters":[{"name":"Mate_Open1_re","volume":90,"pitch":120,"pan":0}]},{"code":224,"indent":0,"parameters":[[255,255,255,170],20,true]},{"code":230,"indent":0,"parameters":[40]},{"code":250,"indent":0,"parameters":[{"name":"Mate_Open1_re","volume":90,"pitch":120,"pan":0}]},{"code":224,"indent":0,"parameters":[[255,255,255,170],20,true]},{"code":250,"indent":0,"parameters":[{"name":"Mate_Open1_re","volume":90,"pitch":120,"pan":0}]},{"code":224,"indent":0,"parameters":[[255,255,255,170],5,true]},{"code":230,"indent":0,"parameters":[60]},{"code":250,"indent":0,"parameters":[{"name":"Mate_Open1_re","volume":90,"pitch":120,"pan":0}]},{"code":224,"indent":0,"parameters":[[255,255,255,170],5,true]},{"code":250,"indent":0,"parameters":[{"name":"Mate_Open1_re","volume":90,"pitch":120,"pan":0}]},{"code":224,"indent":0,"parameters":[[255,255,255,170],2,true]},{"code":230,"indent":0,"parameters":[120]},{"code":0,"indent":0,"parameters":[]}],"moveFrequency":3,"moveRoute":{"list":[{"code":0,"parameters":[]}],"repeat":true,"skippable":false,"wait":false},"moveSpeed":3,"moveType":0,"priorityType":0,"stepAnime":false,"through":false,"trigger":4,"walkAnime":true},{"conditions":{"actorId":1,"actorValid":false,"itemId":1,"itemValid":false,"selfSwitchCh":"A","selfSwitchValid":false,"switch1Id":1,"switch1Valid":false,"switch2Id":1,"switch2Valid":false,"variableId":3,"variableValid":true,"variableValue":2},"directionFix":false,"image":{"characterIndex":0,"characterName":"","direction":2,"pattern":0,"tileId":0},"list":[{"code":250,"indent":0,"parameters":[{"name":"Mate_Open1_re","volume":90,"pitch":120,"pan":0}]},{"code":224,"indent":0,"parameters":[[255,255,255,170],20,true]},{"code":250,"indent":0,"parameters":[{"name":"Mate_Open1_re","volume":90,"pitch":120,"pan":0}]},{"code":224,"indent":0,"parameters":[[255,255,255,170],5,true]},{"code":250,"indent":0,"parameters":[{"name":"Mate_Open1_re","volume":90,"pitch":120,"pan":0}]},{"code":224,"indent":0,"parameters":[[255,255,255,170],5,true]},{"code":250,"indent":0,"parameters":[{"name":"Mate_Open1_re","volume":90,"pitch":120,"pan":0}]},{"code":224,"indent":0,"parameters":[[255,255,255,170],2,true]},{"code":250,"indent":0,"parameters":[{"name":"Mate_Open1_re","volume":90,"pitch":120,"pan":0}]},{"code":224,"indent":0,"parameters":[[255,255,255,170],20,true]},{"code":250,"indent":0,"parameters":[{"name":"Mate_Open1_re","volume":90,"pitch":120,"pan":0}]},{"code":224,"indent":0,"parameters":[[255,255,255,170],2,true]},{"code":230,"indent":0,"parameters":[30]},{"code":250,"indent":0,"parameters":[{"name":"Mate_Open1_re","volume":90,"pitch":120,"pan":0}]},{"code":224,"indent":0,"parameters":[[255,255,255,170],2,true]},{"code":250,"indent":0,"parameters":[{"name":"Mate_Open1_re","volume":90,"pitch":120,"pan":0}]},{"code":224,"indent":0,"parameters":[[255,255,255,170],20,true]},{"code":250,"indent":0,"parameters":[{"name":"Mate_Open1_re","volume":90,"pitch":120,"pan":0}]},{"code":224,"indent":0,"parameters":[[255,255,255,170],20,true]},{"code":250,"indent":0,"parameters":[{"name":"Mate_Open1_re","volume":90,"pitch":120,"pan":0}]},{"code":224,"indent":0,"parameters":[[255,255,255,170],5,true]},{"code":250,"indent":0,"parameters":[{"name":"Mate_Open1_re","volume":90,"pitch":120,"pan":0}]},{"code":224,"indent":0,"parameters":[[255,255,255,170],5,true]},{"code":250,"indent":0,"parameters":[{"name":"Mate_Open1_re","volume":90,"pitch":120,"pan":0}]},{"code":224,"indent":0,"parameters":[[255,255,255,170],2,true]},{"code":230,"indent":0,"parameters":[20]},{"code":0,"indent":0,"parameters":[]}],"moveFrequency":3,"moveRoute":{"list":[{"code":0,"parameters":[]}],"repeat":true,"skippable":false,"wait":false},"moveSpeed":3,"moveType":0,"priorityType":0,"stepAnime":false,"through":false,"trigger":4,"walkAnime":true}],"x":2,"y":0}
]
}