[
null,
{"id":1,"expanded":false,"name":"大草原","order":5,"parentId":5,"scrollX":655.2,"scrollY":368.8},
{"id":2,"expanded":false,"name":"魔法使いの家","order":7,"parentId":5,"scrollX":655.2,"scrollY":368.8},
{"id":3,"expanded":false,"name":"ＯＰ","order":1,"parentId":0,"scrollX":655.2,"scrollY":368.8},
{"id":4,"expanded":true,"name":"ハロルド地獄","order":6,"parentId":5,"scrollX":655.2,"scrollY":368.8},
{"id":5,"expanded":true,"name":"NEWS","order":2,"parentId":0,"scrollX":648,"scrollY":362.4},
{"id":6,"expanded":false,"name":"会見","order":3,"parentId":5,"scrollX":655.2,"scrollY":368.8},
{"id":7,"expanded":false,"name":"通行許可","order":4,"parentId":5,"scrollX":648.8,"scrollY":368.8},
{"id":8,"expanded":false,"name":"ＭＡＰ","order":9,"parentId":2,"scrollX":1092,"scrollY":614.6666666666666},
{"id":9,"expanded":false,"name":"2000草原","order":8,"parentId":2,"scrollX":1092,"scrollY":614.6666666666666},
{"id":10,"expanded":true,"name":"魔法使いの家","order":10,"parentId":2,"scrollX":1617,"scrollY":906},
{"id":11,"expanded":false,"name":"ゆっくり実況1","order":11,"parentId":5,"scrollX":1092,"scrollY":614.6666666666666},
{"id":12,"expanded":false,"name":"ゆっくり実況2","order":12,"parentId":11,"scrollX":1092,"scrollY":614.6666666666666},
{"id":13,"expanded":false,"name":"ゆっくり実況3","order":13,"parentId":11,"scrollX":832,"scrollY":640},
{"id":14,"expanded":false,"name":"ゆっくり実況4","order":14,"parentId":11,"scrollX":1092,"scrollY":614.6666666666666},
{"id":15,"expanded":false,"name":"魔王軍面接","order":16,"parentId":5,"scrollX":819,"scrollY":461},
{"id":16,"expanded":false,"name":"魔王軍面接会場前","order":17,"parentId":15,"scrollX":1092,"scrollY":614.6666666666666},
{"id":17,"expanded":false,"name":"魔王軍面接会場","order":18,"parentId":15,"scrollX":819,"scrollY":461},
{"id":18,"expanded":false,"name":"サガフロバトル","order":19,"parentId":15,"scrollX":1081.3333333333333,"scrollY":800},
{"id":19,"expanded":false,"name":"ゆっくり実況5","order":15,"parentId":11,"scrollX":819,"scrollY":461},
{"id":20,"expanded":false,"name":"絵文字","order":20,"parentId":5,"scrollX":655.2,"scrollY":368.8},
{"id":21,"expanded":false,"name":"　　　欲　　　　望","order":21,"parentId":5,"scrollX":655.2,"scrollY":368.8},
{"id":22,"expanded":true,"name":"ＥＤ","order":23,"parentId":0,"scrollX":655.2,"scrollY":368.8},
{"id":23,"expanded":false,"name":"おまけ部屋","order":25,"parentId":0,"scrollX":655.2,"scrollY":368.8},
{"id":24,"expanded":false,"name":"自己紹介","order":22,"parentId":5,"scrollX":655.2,"scrollY":368.8},
{"id":25,"expanded":false,"name":"ED2","order":24,"parentId":22,"scrollX":648.8,"scrollY":399.2}
]