[
null,
{"id":1,"animationId":6,"description":"攻撃力-10/習得必殺技：\\c[17]『2回斬り』\n","etypeId":1,"traits":[{"code":43,"dataId":4,"value":1}],"iconIndex":97,"name":"木の剣","note":"","params":[0,0,-10,0,0,0,0,0],"price":500,"wtypeId":2},
{"id":2,"animationId":6,"description":"攻撃力+2/習得必殺技：\\c[17]『バーサーカー』","etypeId":1,"traits":[{"code":31,"dataId":1,"value":0},{"code":43,"dataId":13,"value":1}],"iconIndex":99,"name":"鉄の斧","note":"","params":[0,0,2,0,0,0,0,0],"price":350,"wtypeId":4},
{"id":3,"animationId":1,"description":"","etypeId":1,"traits":[{"code":31,"dataId":1,"value":0},{"code":22,"dataId":0,"value":0}],"iconIndex":101,"name":"杖","note":"","params":[0,0,10,0,0,0,0,0],"price":500,"wtypeId":6},
{"id":4,"animationId":11,"description":"","etypeId":1,"traits":[{"code":31,"dataId":1,"value":0},{"code":22,"dataId":0,"value":0}],"iconIndex":102,"name":"弓","note":"","params":[0,0,10,0,0,0,0,0],"price":500,"wtypeId":7}
]